date,planned_demand_coverage_N,new_window_A,planned_exit_C,net_change
2022-06-17,1,1,0,1
2022-06-18,1,0,0,0
2022-06-19,1,0,0,0
2022-06-20,1,0,0,0
2022-06-21,1,0,0,0
2022-06-22,1,0,0,0
2022-06-23,1,0,0,0
2022-06-24,1,0,0,0
2022-06-25,1,0,0,0
2022-06-26,1,0,0,0
2022-06-27,1,0,0,0
2022-06-28,1,0,0,0
2022-06-29,1,0,0,0
2022-06-30,1,0,0,0
2022-07-01,1,0,0,0
2022-07-02,1,0,0,0
2022-07-03,1,0,0,0
2022-07-04,1,0,0,0
2022-07-05,1,0,0,0
2022-07-06,1,0,0,0
2022-07-07,1,0,0,0
2022-07-08,1,0,0,0
2022-07-09,1,0,0,0
2022-07-10,1,0,0,0
2022-07-11,1,0,0,0
2022-07-12,1,0,0,0
2022-07-13,1,0,0,0
2022-07-14,1,0,0,0
2022-07-15,1,0,0,0
2022-07-16,1,0,0,0
2022-07-17,1,0,0,0
2022-07-18,1,0,0,0
2022-07-19,1,0,0,0
2022-07-20,1,0,0,0
2022-07-21,1,0,0,0
2022-07-22,1,0,0,0
2022-07-23,1,0,0,0
2022-07-24,1,0,0,0
2022-07-25,1,0,0,0
2022-07-26,1,0,0,0
2022-07-27,1,0,0,0
2022-07-28,1,0,0,0
2022-07-29,1,0,0,0
2022-07-30,1,0,0,0
2022-07-31,1,0,0,0
2022-08-01,1,0,0,0
2022-08-02,1,0,0,0
2022-08-03,1,0,0,0
2022-08-04,1,0,0,0
2022-08-05,1,0,0,0
2022-08-06,1,0,0,0
2022-08-07,1,0,0,0
2022-08-08,1,0,0,0
2022-08-09,1,0,0,0
2022-08-10,1,0,0,0
2022-08-11,1,0,0,0
2022-08-12,1,0,0,0
2022-08-13,1,0,0,0
2022-08-14,1,0,0,0
2022-08-15,1,0,0,0
2022-08-16,1,0,0,0
2022-08-17,1,0,0,0
2022-08-18,1,0,0,0
2022-08-19,1,0,0,0
2022-08-20,1,0,0,0
2022-08-21,1,0,0,0
2022-08-22,1,0,0,0
2022-08-23,1,0,0,0
2022-08-24,1,0,0,0
2022-08-25,1,0,0,0
2022-08-26,1,0,0,0
2022-08-27,1,0,0,0
2022-08-28,1,0,0,0
2022-08-29,1,0,0,0
2022-08-30,1,0,0,0
2022-08-31,1,0,0,0
2022-09-01,1,0,0,0
2022-09-02,1,0,0,0
2022-09-03,1,0,0,0
2022-09-04,1,0,0,0
2022-09-05,1,0,0,0
2022-09-06,1,0,0,0
2022-09-07,1,0,0,0
2022-09-08,1,0,0,0
2022-09-09,1,0,0,0
2022-09-10,1,0,0,0
2022-09-11,1,0,0,0
2022-09-12,2,1,0,1
2022-09-13,2,0,0,0
2022-09-14,2,0,0,0
2022-09-15,2,0,0,0
2022-09-16,2,0,0,0
2022-09-17,2,0,0,0
2022-09-18,2,0,0,0
2022-09-19,2,0,0,0
2022-09-20,2,0,0,0
2022-09-21,2,0,0,0
2022-09-22,2,0,0,0
2022-09-23,2,0,0,0
2022-09-24,2,0,0,0
2022-09-25,2,0,0,0
2022-09-26,2,0,0,0
2022-09-27,2,0,0,0
2022-09-28,2,0,0,0
2022-09-29,2,0,0,0
2022-09-30,2,0,0,0
2022-10-01,2,0,0,0
2022-10-02,2,0,0,0
2022-10-03,2,0,0,0
2022-10-04,2,0,0,0
2022-10-05,2,0,0,0
2022-10-06,2,0,0,0
2022-10-07,2,0,0,0
2022-10-08,2,0,0,0
2022-10-09,2,0,0,0
2022-10-10,2,0,0,0
2022-10-11,2,0,0,0
2022-10-12,2,0,0,0
2022-10-13,2,0,0,0
2022-10-14,2,0,0,0
2022-10-15,2,0,0,0
2022-10-16,2,0,0,0
2022-10-17,2,0,0,0
2022-10-18,2,0,0,0
2022-10-19,2,0,0,0
2022-10-20,2,0,0,0
2022-10-21,2,0,0,0
2022-10-22,2,0,0,0
2022-10-23,2,0,0,0
2022-10-24,2,0,0,0
2022-10-25,2,0,0,0
2022-10-26,2,0,0,0
2022-10-27,2,0,0,0
2022-10-28,2,0,0,0
2022-10-29,2,0,0,0
2022-10-30,2,0,0,0
2022-10-31,2,0,0,0
2022-11-01,2,0,0,0
2022-11-02,2,0,0,0
2022-11-03,2,0,0,0
2022-11-04,2,0,0,0
2022-11-05,2,0,0,0
2022-11-06,2,0,0,0
2022-11-07,2,0,0,0
2022-11-08,2,0,0,0
2022-11-09,2,0,0,0
2022-11-10,2,0,0,0
2022-11-11,2,0,0,0
2022-11-12,2,0,0,0
2022-11-13,2,0,0,0
2022-11-14,2,0,0,0
2022-11-15,2,0,0,0
2022-11-16,2,0,0,0
2022-11-17,2,0,0,0
2022-11-18,3,1,0,1
2022-11-19,3,0,0,0
2022-11-20,3,0,0,0
2022-11-21,3,0,0,0
2022-11-22,3,0,0,0
2022-11-23,3,0,0,0
2022-11-24,3,0,0,0
2022-11-25,3,0,0,0
2022-11-26,3,0,0,0
2022-11-27,3,0,0,0
2022-11-28,3,0,0,0
2022-11-29,3,0,0,0
2022-11-30,3,0,0,0
2022-12-01,3,0,0,0
2022-12-02,3,0,0,0
2022-12-03,3,0,0,0
2022-12-04,3,0,0,0
2022-12-05,3,0,0,0
2022-12-06,3,0,0,0
2022-12-07,3,0,0,0
2022-12-08,3,0,0,0
2022-12-09,3,0,0,0
2022-12-10,3,0,0,0
2022-12-11,3,0,0,0
2022-12-12,3,0,0,0
2022-12-13,3,0,0,0
2022-12-14,3,0,0,0
2022-12-15,3,0,0,0
2022-12-16,3,0,0,0
2022-12-17,3,0,0,0
2022-12-18,3,0,0,0
2022-12-19,3,0,0,0
2022-12-20,3,0,0,0
2022-12-21,3,0,0,0
2022-12-22,3,0,0,0
2022-12-23,3,0,0,0
2022-12-24,3,0,0,0
2022-12-25,3,0,0,0
2022-12-26,3,0,0,0
2022-12-27,3,0,0,0
2022-12-28,4,1,0,1
2022-12-29,4,0,0,0
2022-12-30,4,0,0,0
2022-12-31,4,0,0,0
2023-01-01,4,0,0,0
2023-01-02,4,0,0,0
2023-01-03,4,0,0,0
2023-01-04,4,0,0,0
2023-01-05,4,0,0,0
2023-01-06,4,0,0,0
2023-01-07,4,0,0,0
2023-01-08,4,0,0,0
2023-01-09,4,0,0,0
2023-01-10,4,0,0,0
2023-01-11,5,1,0,1
2023-01-12,5,0,0,0
2023-01-13,5,0,0,0
2023-01-14,5,0,0,0
2023-01-15,5,0,0,0
2023-01-16,5,0,0,0
2023-01-17,5,0,0,0
2023-01-18,6,1,0,1
2023-01-19,6,0,0,0
2023-01-20,6,0,0,0
2023-01-21,6,0,0,0
2023-01-22,6,0,0,0
2023-01-23,6,0,0,0
2023-01-24,6,0,0,0
2023-01-25,6,0,0,0
2023-01-26,6,0,0,0
2023-01-27,6,0,0,0
2023-01-28,6,0,0,0
2023-01-29,6,0,0,0
2023-01-30,7,1,0,1
2023-01-31,7,0,0,0
2023-02-01,8,1,0,1
2023-02-02,8,0,0,0
2023-02-03,8,0,0,0
2023-02-04,8,0,0,0
2023-02-05,8,0,0,0
2023-02-06,8,0,0,0
2023-02-07,8,0,0,0
2023-02-08,8,0,0,0
2023-02-09,8,0,0,0
2023-02-10,9,1,0,1
2023-02-11,9,0,0,0
2023-02-12,9,0,0,0
2023-02-13,9,0,0,0
2023-02-14,9,0,0,0
2023-02-15,9,0,0,0
2023-02-16,9,0,0,0
2023-02-17,9,0,0,0
2023-02-18,9,0,0,0
2023-02-19,9,0,0,0
2023-02-20,9,0,0,0
2023-02-21,9,0,0,0
2023-02-22,9,0,0,0
2023-02-23,9,0,0,0
2023-02-24,10,1,0,1
2023-02-25,10,0,0,0
2023-02-26,10,0,0,0
2023-02-27,10,0,0,0
2023-02-28,10,0,0,0
2023-03-01,10,0,0,0
2023-03-02,11,1,0,1
2023-03-03,11,0,0,0
2023-03-04,11,0,0,0
2023-03-05,11,0,0,0
2023-03-06,11,0,0,0
2023-03-07,12,1,0,1
2023-03-08,12,0,0,0
2023-03-09,13,1,0,1
2023-03-10,14,1,0,1
2023-03-11,14,0,0,0
2023-03-12,15,1,0,1
2023-03-13,15,0,0,0
2023-03-14,15,0,0,0
2023-03-15,15,0,0,0
2023-03-16,16,1,0,1
2023-03-17,16,0,0,0
2023-03-18,16,0,0,0
2023-03-19,16,0,0,0
2023-03-20,17,1,0,1
2023-03-21,19,2,0,2
2023-03-22,20,1,0,1
2023-03-23,22,2,0,2
2023-03-24,23,1,0,1
2023-03-25,23,0,0,0
2023-03-26,24,1,0,1
2023-03-27,26,2,0,2
2023-03-28,27,1,0,1
2023-03-29,30,3,0,3
2023-03-30,32,2,0,2
2023-03-31,32,0,0,0
2023-04-01,34,2,0,2
2023-04-02,35,1,0,1
2023-04-03,36,1,0,1
2023-04-04,36,0,0,0
2023-04-05,39,3,0,3
2023-04-06,42,3,0,3
2023-04-07,44,2,0,2
2023-04-08,47,3,0,3
2023-04-09,48,1,0,1
2023-04-10,50,2,0,2
2023-04-11,53,3,0,3
2023-04-12,58,5,0,5
2023-04-13,64,6,0,6
2023-04-14,66,2,0,2
2023-04-15,67,1,0,1
2023-04-16,71,4,0,4
2023-04-17,75,4,0,4
2023-04-18,81,6,0,6
2023-04-19,96,15,0,15
2023-04-20,99,3,0,3
2023-04-21,106,7,0,7
2023-04-22,111,5,0,5
2023-04-23,119,8,0,8
2023-04-24,127,8,0,8
2023-04-25,137,10,0,10
2023-04-26,148,11,0,11
2023-04-27,156,8,0,8
2023-04-28,166,10,0,10
2023-04-29,171,5,0,5
2023-04-30,178,7,0,7
2023-05-01,182,4,0,4
2023-05-02,192,10,0,10
2023-05-03,206,14,0,14
2023-05-04,234,28,0,28
2023-05-05,298,64,0,64
2023-05-06,372,74,0,74
2023-05-07,446,74,0,74
2023-05-08,679,233,0,233
2023-05-09,975,296,0,296
2023-05-10,976,1,0,1
2023-05-11,984,8,0,8
2023-05-12,985,1,0,1
2023-05-13,986,1,0,1
2023-05-14,991,5,0,5
2023-05-15,994,3,0,3
2023-05-16,999,5,0,5
2023-05-17,999,0,0,0
2023-05-18,1002,3,0,3
2023-05-19,1004,2,0,2
2023-05-20,1004,0,0,0
2023-05-21,1006,2,0,2
2023-05-22,1008,2,0,2
2023-05-23,1009,1,0,1
2023-05-24,1012,3,0,3
2023-05-25,1014,2,0,2
2023-05-26,1015,1,0,1
2023-05-27,1016,1,0,1
2023-05-28,1017,1,0,1
2023-05-29,1020,3,0,3
2023-05-30,1026,6,0,6
2023-05-31,1027,1,0,1
2023-06-01,1028,1,0,1
2023-06-02,1029,1,0,1
2023-06-03,1029,0,0,0
2023-06-04,1030,1,0,1
2023-06-05,1032,2,0,2
2023-06-06,1043,11,0,11
2023-06-07,1051,8,0,8
2023-06-08,1051,0,0,0
2023-06-09,1054,3,0,3
2023-06-10,1056,2,0,2
2023-06-11,1060,4,0,4
2023-06-12,1065,5,0,5
2023-06-13,1069,4,0,4
2023-06-14,1075,6,0,6
2023-06-15,1076,1,0,1
2023-06-16,1077,1,0,1
2023-06-17,1078,1,0,1
2023-06-18,1079,1,0,1
2023-06-19,1087,8,0,8
2023-06-20,1089,2,0,2
2023-06-21,1090,1,0,1
2023-06-22,1090,0,0,0
2023-06-23,1090,0,0,0
2023-06-24,1091,1,0,1
2023-06-25,1092,1,0,1
2023-06-26,1094,2,0,2
2023-06-27,1094,0,0,0
2023-06-28,1096,2,0,2
2023-06-29,1100,4,0,4
2023-06-30,1105,5,0,5
2023-07-01,1105,0,0,0
2023-07-02,1106,1,0,1
2023-07-03,1108,2,0,2
2023-07-04,1109,1,0,1
2023-07-05,1115,6,0,6
2023-07-06,1115,0,0,0
2023-07-07,1115,0,0,0
2023-07-08,1116,1,0,1
2023-07-09,1116,0,0,0
2023-07-10,1119,3,0,3
2023-07-11,1120,1,0,1
2023-07-12,1121,1,0,1
2023-07-13,1123,2,0,2
2023-07-14,1124,1,0,1
2023-07-15,1124,0,0,0
2023-07-16,1124,0,0,0
2023-07-17,1126,2,0,2
2023-07-18,1135,9,0,9
2023-07-19,1138,3,0,3
2023-07-20,1140,2,0,2
2023-07-21,1140,0,0,0
2023-07-22,1140,0,0,0
2023-07-23,1142,2,0,2
2023-07-24,1144,2,0,2
2023-07-25,1147,3,0,3
2023-07-26,1152,5,0,5
2023-07-27,1152,0,0,0
2023-07-28,1165,13,0,13
2023-07-29,1167,2,0,2
2023-07-30,1168,1,0,1
2023-07-31,1170,2,0,2
2023-08-01,1171,1,0,1
2023-08-02,1173,2,0,2
2023-08-03,1176,3,0,3
2023-08-04,1179,3,0,3
2023-08-05,1181,2,0,2
2023-08-06,1181,0,0,0
2023-08-07,1186,5,0,5
2023-08-08,1186,0,0,0
2023-08-09,1186,0,0,0
2023-08-10,1188,2,0,2
2023-08-11,1194,6,0,6
2023-08-12,1194,0,0,0
2023-08-13,1194,0,0,0
2023-08-14,1194,0,0,0
2023-08-15,1194,0,0,0
2023-08-16,1195,1,0,1
2023-08-17,1196,1,0,1
2023-08-18,1197,1,0,1
2023-08-19,1199,2,0,2
2023-08-20,1199,0,0,0
2023-08-21,1200,1,0,1
2023-08-22,1202,2,0,2
2023-08-23,1204,2,0,2
2023-08-24,1206,2,0,2
2023-08-25,1206,0,0,0
2023-08-26,1208,2,0,2
2023-08-27,1208,0,0,0
2023-08-28,1212,4,0,4
2023-08-29,1219,7,0,7
2023-08-30,1220,1,0,1
2023-08-31,1222,2,0,2
2023-09-01,1222,0,0,0
2023-09-02,1222,0,0,0
2023-09-03,1224,2,0,2
2023-09-04,1229,5,0,5
2023-09-05,1239,10,0,10
2023-09-06,1248,9,0,9
2023-09-07,1256,8,0,8
2023-09-08,1258,2,0,2
2023-09-09,1259,1,0,1
2023-09-10,1263,4,0,4
2023-09-11,1265,2,0,2
2023-09-12,1271,6,0,6
2023-09-13,1274,3,0,3
2023-09-14,1277,3,0,3
2023-09-15,1280,3,0,3
2023-09-16,1283,3,0,3
2023-09-17,1285,2,0,2
2023-09-18,1288,3,0,3
2023-09-19,1292,4,0,4
2023-09-20,1294,2,0,2
2023-09-21,1297,3,0,3
2023-09-22,1300,3,0,3
2023-09-23,1300,0,0,0
2023-09-24,1303,3,0,3
2023-09-25,1310,7,0,7
2023-09-26,1313,3,0,3
2023-09-27,1318,5,0,5
2023-09-28,1321,3,0,3
2023-09-29,1322,1,0,1
2023-09-30,1323,1,0,1
2023-10-01,1323,0,0,0
2023-10-02,1323,0,0,0
2023-10-03,1323,0,0,0
2023-10-04,1323,0,0,0
2023-10-05,1323,0,0,0
2023-10-06,1325,2,0,2
2023-10-07,1332,7,0,7
2023-10-08,1336,4,0,4
2023-10-09,1346,10,0,10
2023-10-10,1353,7,0,7
2023-10-11,1355,2,0,2
2023-10-12,1355,0,0,0
2023-10-13,1359,4,0,4
2023-10-14,1359,0,0,0
2023-10-15,1360,1,0,1
2023-10-16,1364,4,0,4
2023-10-17,1366,2,0,2
2023-10-18,1366,0,0,0
2023-10-19,1368,2,0,2
2023-10-20,1374,6,0,6
2023-10-21,1375,1,0,1
2023-10-22,1387,12,0,12
2023-10-23,1394,7,0,7
2023-10-24,1396,2,0,2
2023-10-25,1399,3,0,3
2023-10-26,1405,6,0,6
2023-10-27,1408,3,0,3
2023-10-28,1409,1,0,1
2023-10-29,1409,0,0,0
2023-10-30,1415,6,0,6
2023-10-31,1420,5,0,5
2023-11-01,1424,4,0,4
2023-11-02,1424,0,0,0
2023-11-03,1425,1,0,1
2023-11-04,1426,1,0,1
2023-11-05,1427,1,0,1
2023-11-06,1431,4,0,4
2023-11-07,1434,3,0,3
2023-11-08,1441,7,0,7
2023-11-09,1464,23,0,23
2023-11-10,1486,22,0,22
2023-11-11,1488,2,0,2
2023-11-12,1491,3,0,3
2023-11-13,1499,8,0,8
2023-11-14,1500,1,0,1
2023-11-15,1505,5,0,5
2023-11-16,1512,7,0,7
2023-11-17,1517,5,0,5
2023-11-18,1522,5,0,5
2023-11-19,1522,0,0,0
2023-11-20,1531,9,0,9
2023-11-21,1535,4,0,4
2023-11-22,1537,2,0,2
2023-11-23,1540,3,0,3
2023-11-24,1546,6,0,6
2023-11-25,1547,1,0,1
2023-11-26,1547,0,0,0
2023-11-27,1551,4,0,4
2023-11-28,1553,2,0,2
2023-11-29,1555,2,0,2
2023-11-30,1555,0,0,0
2023-12-01,1560,5,0,5
2023-12-02,1563,3,0,3
2023-12-03,1566,3,0,3
2023-12-04,1570,4,0,4
2023-12-05,1573,3,0,3
2023-12-06,1581,8,0,8
2023-12-07,1589,8,0,8
2023-12-08,1589,0,0,0
2023-12-09,1589,0,0,0
2023-12-10,1589,0,0,0
2023-12-11,1590,1,0,1
2023-12-12,1591,1,0,1
2023-12-13,1594,3,0,3
2023-12-14,1597,3,0,3
2023-12-15,1598,1,0,1
2023-12-16,1598,0,0,0
2023-12-17,1598,0,0,0
2023-12-18,1602,4,0,4
2023-12-19,1606,4,0,4
2023-12-20,1606,0,0,0
2023-12-21,1607,1,0,1
2023-12-22,1610,3,0,3
2023-12-23,1611,1,0,1
2023-12-24,1611,0,0,0
2023-12-25,1612,1,0,1
2023-12-26,1613,1,0,1
2023-12-27,1615,2,0,2
2023-12-28,1617,2,0,2
2023-12-29,1618,1,0,1
2023-12-30,1619,1,0,1
2023-12-31,1619,0,0,0
2024-01-01,1619,0,0,0
2024-01-02,1622,3,0,3
2024-01-03,1623,1,0,1
2024-01-04,1625,2,0,2
2024-01-05,1627,2,0,2
2024-01-06,1630,3,0,3
2024-01-07,1630,0,0,0
2024-01-08,1635,5,0,5
2024-01-09,1637,2,0,2
2024-01-10,1647,10,0,10
2024-01-11,1647,0,0,0
2024-01-12,1647,0,0,0
2024-01-13,1654,7,0,7
2024-01-14,1661,7,0,7
2024-01-15,1665,4,0,4
2024-01-16,1666,1,0,1
2024-01-17,1668,2,0,2
2024-01-18,1672,4,0,4
2024-01-19,1676,4,0,4
2024-01-20,1681,5,0,5
2024-01-21,1683,2,0,2
2024-01-22,1688,5,0,5
2024-01-23,1688,0,0,0
2024-01-24,1689,1,0,1
2024-01-25,1690,1,0,1
2024-01-26,1692,2,0,2
2024-01-27,1692,0,0,0
2024-01-28,1694,2,0,2
2024-01-29,1695,1,0,1
2024-01-30,1697,2,0,2
2024-01-31,1697,0,0,0
2024-02-01,1697,0,0,0
2024-02-02,1697,0,0,0
2024-02-03,1698,1,0,1
2024-02-04,1698,0,0,0
2024-02-05,1699,1,0,1
2024-02-06,1699,0,0,0
2024-02-07,1699,0,0,0
2024-02-08,1699,0,0,0
2024-02-09,1700,1,0,1
2024-02-10,1700,0,0,0
2024-02-11,1700,0,0,0
2024-02-12,1700,0,0,0
2024-02-13,1701,1,0,1
2024-02-14,1701,0,0,0
2024-02-15,1704,3,0,3
2024-02-16,1706,2,0,2
2024-02-17,1708,2,0,2
2024-02-18,1708,0,0,0
2024-02-19,1713,5,0,5
2024-02-20,1714,1,0,1
2024-02-21,1721,7,0,7
2024-02-22,1726,5,0,5
2024-02-23,1728,2,0,2
2024-02-24,1729,1,0,1
2024-02-25,1729,0,0,0
2024-02-26,1735,6,0,6
2024-02-27,1739,4,0,4
2024-02-28,1741,2,0,2
2024-02-29,1748,7,0,7
2024-03-01,1749,1,0,1
2024-03-02,1756,7,0,7
2024-03-03,1759,3,0,3
2024-03-04,1760,1,0,1
2024-03-05,1769,9,0,9
2024-03-06,1783,14,0,14
2024-03-07,1791,8,0,8
2024-03-08,1795,4,0,4
2024-03-09,1796,1,0,1
2024-03-10,1796,0,0,0
2024-03-11,1802,6,0,6
2024-03-12,1806,4,0,4
2024-03-13,1814,8,0,8
2024-03-14,1817,3,0,3
2024-03-15,1818,1,0,1
2024-03-16,1826,8,0,8
2024-03-17,1827,1,0,1
2024-03-18,1835,8,0,8
2024-03-19,1836,1,0,1
2024-03-20,1838,2,0,2
2024-03-21,1840,2,0,2
2024-03-22,1844,4,0,4
2024-03-23,1844,0,0,0
2024-03-24,1845,1,0,1
2024-03-25,1850,5,0,5
2024-03-26,1851,1,0,1
2024-03-27,1852,1,0,1
2024-03-28,1853,1,0,1
2024-03-29,1858,5,0,5
2024-03-30,1859,1,0,1
2024-03-31,1862,3,0,3
2024-04-01,1865,3,0,3
2024-04-02,1865,0,0,0
2024-04-03,1867,2,0,2
2024-04-04,1867,0,0,0
2024-04-05,1868,1,0,1
2024-04-06,1868,0,0,0
2024-04-07,1871,3,0,3
2024-04-08,1871,0,0,0
2024-04-09,1872,1,0,1
2024-04-10,1872,0,0,0
2024-04-11,1872,0,0,0
2024-04-12,1888,16,0,16
2024-04-13,1896,8,0,8
2024-04-14,1896,0,0,0
2024-04-15,1898,2,0,2
2024-04-16,1900,2,0,2
2024-04-17,1904,4,0,4
2024-04-18,1904,0,0,0
2024-04-19,1904,0,0,0
2024-04-20,1906,2,0,2
2024-04-21,1906,0,0,0
2024-04-22,1907,1,0,1
2024-04-23,1909,2,0,2
2024-04-24,1910,1,0,1
2024-04-25,1911,1,0,1
2024-04-26,1914,3,0,3
2024-04-27,1915,1,0,1
2024-04-28,1918,3,0,3
2024-04-29,1918,0,0,0
2024-04-30,1922,4,0,4
2024-05-01,1922,0,0,0
2024-05-02,1923,1,0,1
2024-05-03,1924,1,0,1
2024-05-04,1924,0,0,0
2024-05-05,1926,2,0,2
2024-05-06,1927,1,0,1
2024-05-07,1927,0,0,0
2024-05-08,1930,3,0,3
2024-05-09,1931,1,0,1
2024-05-10,1932,1,0,1
2024-05-11,1933,1,0,1
2024-05-12,1933,0,0,0
2024-05-13,1933,0,0,0
2024-05-14,1935,2,0,2
2024-05-15,1936,1,0,1
2024-05-16,1937,1,0,1
2024-05-17,1938,1,0,1
2024-05-18,1938,0,0,0
2024-05-19,1938,0,0,0
2024-05-20,1940,2,0,2
2024-05-21,1945,5,0,5
2024-05-22,1947,2,0,2
2024-05-23,1948,1,0,1
2024-05-24,1949,1,0,1
2024-05-25,1951,2,0,2
2024-05-26,1953,2,0,2
2024-05-27,1953,0,0,0
2024-05-28,1956,3,0,3
2024-05-29,1956,0,0,0
2024-05-30,1959,3,0,3
2024-05-31,1964,5,0,5
2024-06-01,1964,0,0,0
2024-06-02,1964,0,0,0
2024-06-03,1969,5,0,5
2024-06-04,1978,9,0,9
2024-06-05,1984,6,0,6
2024-06-06,1984,0,0,0
2024-06-07,1985,1,0,1
2024-06-08,1985,0,0,0
2024-06-09,1985,0,0,0
2024-06-10,1985,0,0,0
2024-06-11,1985,0,0,0
2024-06-12,1985,0,0,0
2024-06-13,1985,0,0,0
2024-06-14,1986,1,0,1
2024-06-15,1986,0,0,0
2024-06-16,1987,1,0,1
2024-06-17,1989,2,0,2
2024-06-18,1995,6,0,6
2024-06-19,1999,4,0,4
2024-06-20,2008,9,0,9
2024-06-21,2011,3,0,3
2024-06-22,2012,1,0,1
2024-06-23,2014,2,0,2
2024-06-24,2017,3,0,3
2024-06-25,2021,4,0,4
2024-06-26,2029,8,0,8
2024-06-27,2029,0,0,0
2024-06-28,2033,4,0,4
2024-06-29,2033,0,0,0
2024-06-30,2033,0,0,0
2024-07-01,2034,1,0,1
2024-07-02,2034,0,0,0
2024-07-03,2035,1,0,1
2024-07-04,2035,0,0,0
2024-07-05,2038,3,0,3
2024-07-06,2038,0,0,0
2024-07-07,2039,1,0,1
2024-07-08,2040,1,0,1
2024-07-09,2044,4,0,4
2024-07-10,2044,0,0,0
2024-07-11,2044,0,0,0
2024-07-12,2044,0,0,0
2024-07-13,2044,0,0,0
2024-07-14,2044,0,0,0
2024-07-15,2045,1,0,1
2024-07-16,2045,0,0,0
2024-07-17,2048,3,0,3
2024-07-18,2053,5,0,5
2024-07-19,2053,0,0,0
2024-07-20,2053,0,0,0
2024-07-21,2054,1,0,1
2024-07-22,2054,0,0,0
2024-07-23,2054,0,0,0
2024-07-24,2055,1,0,1
2024-07-25,2055,0,0,0
2024-07-26,2055,0,0,0
2024-07-27,2055,0,0,0
2024-07-28,2055,0,0,0
2024-07-29,2056,1,0,1
2024-07-30,2057,1,0,1
2024-07-31,2067,10,0,10
2024-08-01,2068,1,0,1
2024-08-02,2069,1,0,1
2024-08-03,2070,1,0,1
2024-08-04,2071,1,0,1
2024-08-05,2071,0,0,0
2024-08-06,2072,1,0,1
2024-08-07,2073,1,0,1
2024-08-08,2074,1,0,1
2024-08-09,2074,0,0,0
2024-08-10,2074,0,0,0
2024-08-11,2074,0,0,0
2024-08-12,2074,0,0,0
2024-08-13,2077,3,0,3
2024-08-14,2088,11,0,11
2024-08-15,2091,3,0,3
2024-08-16,2094,3,0,3
2024-08-17,2094,0,0,0
2024-08-18,2096,2,0,2
2024-08-19,2103,7,0,7
2024-08-20,2104,1,0,1
2024-08-21,2110,6,0,6
2024-08-22,2115,5,0,5
2024-08-23,2115,0,0,0
2024-08-24,2115,0,0,0
2024-08-25,2115,0,0,0
2024-08-26,2122,7,0,7
2024-08-27,2124,2,0,2
2024-08-28,2125,1,0,1
2024-08-29,2128,3,0,3
2024-08-30,2130,2,0,2
2024-08-31,2130,0,0,0
2024-09-01,2130,0,0,0
2024-09-02,2130,0,0,0
2024-09-03,2132,2,0,2
2024-09-04,2133,1,0,1
2024-09-05,2134,1,0,1
2024-09-06,2136,2,0,2
2024-09-07,2136,0,0,0
2024-09-08,2136,0,0,0
2024-09-09,2139,3,0,3
2024-09-10,2141,2,0,2
2024-09-11,2143,2,0,2
2024-09-12,2147,4,0,4
2024-09-13,2148,1,0,1
2024-09-14,2149,1,0,1
2024-09-15,2149,0,0,0
2024-09-16,2149,0,0,0
2024-09-17,2149,0,0,0
2024-09-18,2151,2,0,2
2024-09-19,2151,0,0,0
2024-09-20,2156,5,0,5
2024-09-21,2157,1,0,1
2024-09-22,2157,0,0,0
2024-09-23,2159,2,0,2
2024-09-24,2164,5,0,5
2024-09-25,2167,3,0,3
2024-09-26,2168,1,0,1
2024-09-27,2170,2,0,2
2024-09-28,2172,2,0,2
2024-09-29,2174,2,0,2
2024-09-30,2176,2,0,2
2024-10-01,2176,0,0,0
2024-10-02,2178,2,0,2
2024-10-03,2178,0,0,0
2024-10-04,2178,0,0,0
2024-10-05,2178,0,0,0
2024-10-06,2178,0,0,0
2024-10-07,2178,0,0,0
2024-10-08,2181,3,0,3
2024-10-09,2182,1,0,1
2024-10-10,2183,1,0,1
2024-10-11,2186,3,0,3
2024-10-12,2186,0,0,0
2024-10-13,2186,0,0,0
2024-10-14,2188,2,0,2
2024-10-15,2190,2,0,2
2024-10-16,2194,4,0,4
2024-10-17,2195,1,0,1
2024-10-18,2196,1,0,1
2024-10-19,2196,0,0,0
2024-10-20,2196,0,0,0
2024-10-21,2200,4,0,4
2024-10-22,2202,2,0,2
2024-10-23,2211,9,0,9
2024-10-24,2212,1,0,1
2024-10-25,2212,0,0,0
2024-10-26,2212,0,0,0
2024-10-27,2212,0,0,0
2024-10-28,2214,2,0,2
2024-10-29,2215,1,0,1
2024-10-30,2218,3,0,3
2024-10-31,2222,4,0,4
2024-11-01,2226,4,0,4
2024-11-02,2226,0,0,0
2024-11-03,2226,0,0,0
2024-11-04,2230,4,0,4
2024-11-05,2230,0,0,0
2024-11-06,2231,1,0,1
2024-11-07,2231,0,0,0
2024-11-08,2233,2,0,2
2024-11-09,2233,0,0,0
2024-11-10,2235,2,0,2
2024-11-11,2237,2,0,2
2024-11-12,2238,1,0,1
2024-11-13,2238,0,0,0
2024-11-14,2240,2,0,2
2024-11-15,2241,1,0,1
2024-11-16,2243,2,0,2
2024-11-17,2243,0,0,0
2024-11-18,2243,0,0,0
2024-11-19,2245,2,0,2
2024-11-20,2246,1,0,1
2024-11-21,2247,1,0,1
2024-11-22,2249,2,0,2
2024-11-23,2249,0,0,0
2024-11-24,2249,0,0,0
2024-11-25,2252,3,0,3
2024-11-26,2252,0,0,0
2024-11-27,2252,0,0,0
2024-11-28,2254,2,0,2
2024-11-29,2254,0,0,0
2024-11-30,2256,2,0,2
2024-12-01,2257,1,0,1
2024-12-02,2257,0,0,0
2024-12-03,2258,1,0,1
2024-12-04,2258,0,0,0
2024-12-05,2261,3,0,3
2024-12-06,2263,2,0,2
2024-12-07,2264,1,0,1
2024-12-08,2264,0,0,0
2024-12-09,2264,0,0,0
2024-12-10,2264,0,0,0
2024-12-11,2267,3,0,3
2024-12-12,2267,0,0,0
2024-12-13,2267,0,0,0
2024-12-14,2267,0,0,0
2024-12-15,2267,0,0,0
2024-12-16,2267,0,0,0
2024-12-17,2268,1,0,1
2024-12-18,2269,1,0,1
2024-12-19,2273,4,0,4
2024-12-20,2278,5,0,5
2024-12-21,2278,0,0,0
2024-12-22,2278,0,0,0
2024-12-23,2281,3,0,3
2024-12-24,2281,0,0,0
2024-12-25,2281,0,0,0
2024-12-26,2282,1,0,1
2024-12-27,2282,0,0,0
2024-12-28,2283,1,0,1
2024-12-29,2283,0,0,0
2024-12-30,2284,1,0,1
2024-12-31,2293,9,0,9
2025-01-01,2293,0,0,0
2025-01-02,2293,0,0,0
2025-01-03,2293,0,0,0
2025-01-04,2293,0,0,0
2025-01-05,2294,1,0,1
2025-01-06,2299,5,0,5
2025-01-07,2299,0,0,0
2025-01-08,2299,0,0,0
2025-01-09,2299,0,0,0
2025-01-10,2299,0,0,0
2025-01-11,2299,0,0,0
2025-01-12,2300,1,0,1
2025-01-13,2300,0,0,0
2025-01-14,2301,1,0,1
2025-01-15,2302,1,0,1
2025-01-16,2303,1,0,1
2025-01-17,2303,0,0,0
2025-01-18,2303,0,0,0
2025-01-19,2303,0,0,0
2025-01-20,2303,0,0,0
2025-01-21,2303,0,0,0
2025-01-22,2303,0,0,0
2025-01-23,2303,0,0,0
2025-01-24,2303,0,0,0
2025-01-25,2303,0,0,0
2025-01-26,2303,0,0,0
2025-01-27,2303,0,0,0
2025-01-28,2303,0,0,0
2025-01-29,2303,0,0,0
2025-01-30,2303,0,0,0
2025-01-31,2303,0,0,0
2025-02-01,2303,0,0,0
2025-02-02,2304,1,0,1
2025-02-03,2304,0,0,0
2025-02-04,2304,0,0,0
2025-02-05,2305,1,0,1
2025-02-06,2307,2,0,2
2025-02-07,2308,1,0,1
2025-02-08,2308,0,0,0
2025-02-09,2308,0,0,0
2025-02-10,2309,1,0,1
2025-02-11,2311,2,0,2
2025-02-12,2313,2,0,2
2025-02-13,2313,0,0,0
2025-02-14,2313,0,0,0
2025-02-15,2314,1,0,1
2025-02-16,2314,0,0,0
2025-02-17,2315,1,0,1
2025-02-18,2317,2,0,2
2025-02-19,2317,0,0,0
2025-02-20,2318,1,0,1
2025-02-21,2319,1,0,1
2025-02-22,2319,0,0,0
2025-02-23,2319,0,0,0
2025-02-24,2323,4,0,4
2025-02-25,2326,3,0,3
2025-02-26,2326,0,0,0
2025-02-27,2326,0,0,0
2025-02-28,2327,1,0,1
2025-03-01,2327,0,0,0
2025-03-02,2327,0,0,0
2025-03-03,2328,1,0,1
2025-03-04,2329,1,0,1
2025-03-05,2331,2,0,2
2025-03-06,2333,2,0,2
2025-03-07,2336,3,0,3
2025-03-08,2338,2,0,2
2025-03-09,2338,0,0,0
2025-03-10,2341,3,0,3
2025-03-11,2347,6,0,6
2025-03-12,2347,0,0,0
2025-03-13,2350,3,0,3
2025-03-14,2351,1,0,1
2025-03-15,2351,0,0,0
2025-03-16,2353,2,0,2
2025-03-17,2354,1,0,1
2025-03-18,2358,4,0,4
2025-03-19,2359,1,0,1
2025-03-20,2360,1,0,1
2025-03-21,2362,2,0,2
2025-03-22,2362,0,0,0
2025-03-23,2363,1,0,1
2025-03-24,2366,3,0,3
2025-03-25,2370,4,0,4
2025-03-26,2371,1,0,1
2025-03-27,2373,2,0,2
2025-03-28,2375,2,0,2
2025-03-29,2378,3,0,3
2025-03-30,2379,1,0,1
2025-03-31,2381,2,0,2
2025-04-01,2382,1,0,1
2025-04-02,2388,6,0,6
2025-04-03,2390,2,0,2
2025-04-04,2391,1,0,1
2025-04-05,2391,0,0,0
2025-04-06,2391,0,0,0
2025-04-07,2393,2,0,2
2025-04-08,2399,6,0,6
2025-04-09,2401,2,0,2
2025-04-10,2404,3,0,3
2025-04-11,2411,7,0,7
2025-04-12,2412,1,0,1
2025-04-13,2413,1,0,1
2025-04-14,2415,2,0,2
2025-04-15,2416,1,0,1
2025-04-16,2418,2,0,2
2025-04-17,2421,3,0,3
2025-04-18,2421,0,0,0
2025-04-19,2421,0,0,0
2025-04-20,2421,0,0,0
2025-04-21,2428,7,0,7
2025-04-22,2445,17,0,17
2025-04-23,2449,4,0,4
2025-04-24,2452,3,0,3
2025-04-25,2453,1,0,1
2025-04-26,2453,0,0,0
2025-04-27,2454,1,0,1
2025-04-28,2456,2,0,2
2025-04-29,2456,0,0,0
2025-04-30,2456,0,0,0
2025-05-01,2456,0,0,0
2025-05-02,2456,0,0,0
2025-05-03,2457,1,0,1
2025-05-04,2457,0,0,0
2025-05-05,2457,0,0,0
2025-05-06,2459,2,0,2
2025-05-07,2462,3,0,3
2025-05-08,2462,0,0,0
2025-05-09,2462,0,0,0
2025-05-10,2463,1,0,1
2025-05-11,2463,0,0,0
2025-05-12,2469,6,0,6
2025-05-13,2480,11,0,11
2025-05-14,2485,5,0,5
2025-05-15,2486,1,0,1
2025-05-16,2487,1,0,1
2025-05-17,2487,0,0,0
2025-05-18,2487,0,0,0
2025-05-19,2495,8,0,8
2025-05-20,2503,8,0,8
2025-05-21,2508,5,0,5
2025-05-22,2512,4,0,4
2025-05-23,2514,2,0,2
2025-05-24,2520,6,0,6
2025-05-25,2521,1,0,1
2025-05-26,2522,1,0,1
2025-05-27,2525,3,0,3
2025-05-28,2525,0,0,0
2025-05-29,2527,2,0,2
2025-05-30,2532,5,0,5
2025-05-31,2532,0,0,0
2025-06-01,2533,1,0,1
2025-06-02,2534,1,0,1
2025-06-03,2537,3,0,3
2025-06-04,2539,2,0,2
2025-06-05,2543,4,0,4
2025-06-06,2546,3,0,3
2025-06-07,2546,0,0,0
2025-06-08,2546,0,0,0
2025-06-09,2554,8,0,8
2025-06-10,2560,6,0,6
2025-06-11,2563,3,0,3
2025-06-12,2575,12,0,12
2025-06-13,2579,4,0,4
2025-06-14,2580,1,0,1
2025-06-15,2584,4,0,4
2025-06-16,2590,6,0,6
2025-06-17,2594,4,0,4
2025-06-18,2597,3,0,3
2025-06-19,2602,5,0,5
2025-06-20,2606,4,0,4
2025-06-21,2608,2,0,2
2025-06-22,2608,0,0,0
2025-06-23,2620,12,0,12
2025-06-24,2624,4,0,4
2025-06-25,2632,8,0,8
2025-06-26,2639,7,0,7
2025-06-27,2644,5,0,5
2025-06-28,2644,0,0,0
2025-06-29,2647,3,0,3
2025-06-30,2652,5,0,5
2025-07-01,2655,3,0,3
2025-07-02,2656,1,0,1
2025-07-03,2663,7,0,7
2025-07-04,2668,5,0,5
2025-07-05,2669,1,0,1
2025-07-06,2673,4,0,4
2025-07-07,2678,5,0,5
2025-07-08,2685,7,0,7
2025-07-09,2690,5,0,5
2025-07-10,2702,12,0,12
2025-07-11,2704,2,0,2
2025-07-12,2704,0,0,0
2025-07-13,2704,0,0,0
2025-07-14,2706,2,0,2
2025-07-15,2707,1,0,1
2025-07-16,2711,4,0,4
2025-07-17,2715,4,0,4
2025-07-18,2716,1,0,1
2025-07-19,2716,0,0,0
2025-07-20,2717,1,0,1
2025-07-21,2723,6,0,6
2025-07-22,2728,5,0,5
2025-07-23,2732,4,0,4
2025-07-24,2733,1,0,1
2025-07-25,2736,3,0,3
2025-07-26,2736,0,0,0
2025-07-27,2736,0,0,0
2025-07-28,2744,8,0,8
2025-07-29,2744,0,0,0
2025-07-30,2745,1,0,1
2025-07-31,2753,8,0,8
2025-08-01,2758,5,0,5
2025-08-02,2758,0,0,0
2025-08-03,2758,0,0,0
2025-08-04,2762,4,0,4
2025-08-05,2765,3,0,3
2025-08-06,2770,5,0,5
2025-08-07,2772,2,0,2
2025-08-08,2777,5,0,5
2025-08-09,2777,0,0,0
2025-08-10,2778,1,0,1
2025-08-11,2784,6,0,6
2025-08-12,2788,4,0,4
2025-08-13,2800,12,0,12
2025-08-14,2809,9,0,9
2025-08-15,2812,3,0,3
2025-08-16,2813,1,0,1
2025-08-17,2814,1,0,1
2025-08-18,2849,35,0,35
2025-08-19,2858,9,0,9
2025-08-20,2865,7,0,7
2025-08-21,2870,5,0,5
2025-08-22,2926,56,0,56
2025-08-23,2926,0,0,0
2025-08-24,2927,1,0,1
2025-08-25,2935,8,0,8
2025-08-26,2939,4,0,4
2025-08-27,2945,6,0,6
2025-08-28,2948,3,0,3
2025-08-29,2952,4,0,4
2025-08-30,2953,1,0,1
2025-08-31,2954,1,0,1
2025-09-01,2959,5,0,5
2025-09-02,2973,14,0,14
2025-09-03,2982,9,0,9
2025-09-04,2989,7,0,7
2025-09-05,2994,5,0,5
2025-09-06,2998,4,0,4
2025-09-07,3001,3,0,3
2025-09-08,3014,13,0,13
2025-09-09,3024,10,0,10
2025-09-10,3035,11,0,11
2025-09-11,3039,4,0,4
2025-09-12,3047,8,0,8
2025-09-13,3048,1,0,1
2025-09-14,3048,0,0,0
2025-09-15,3059,11,0,11
2025-09-16,3071,12,0,12
2025-09-17,3077,6,0,6
2025-09-18,3102,25,0,25
2025-09-19,3111,9,0,9
2025-09-20,3111,0,0,0
2025-09-21,3111,0,0,0
2025-09-22,3117,6,0,6
2025-09-23,3135,18,0,18
2025-09-24,3141,6,0,6
2025-09-25,3148,7,0,7
2025-09-26,3159,11,0,11
2025-09-27,3159,0,0,0
2025-09-28,3171,12,0,12
2025-09-29,3175,4,0,4
2025-09-30,3180,5,0,5
2025-10-01,3180,0,0,0
2025-10-02,3180,0,0,0
2025-10-03,3180,0,0,0
2025-10-04,3180,0,0,0
2025-10-05,3180,0,0,0
2025-10-06,3180,0,0,0
2025-10-07,3180,0,0,0
2025-10-08,3182,2,0,2
2025-10-09,3189,7,0,7
2025-10-10,3205,16,0,16
2025-10-11,3206,1,0,1
2025-10-12,3208,2,0,2
2025-10-13,3228,20,0,20
2025-10-14,3243,15,0,15
2025-10-15,3257,14,0,14
2025-10-16,3261,4,0,4
2025-10-17,3273,12,0,12
2025-10-18,3275,2,0,2
2025-10-19,3276,1,0,1
2025-10-20,3283,7,0,7
2025-10-21,3291,8,0,8
2025-10-22,3296,5,0,5
2025-10-23,3308,12,0,12
2025-10-24,3315,7,0,7
2025-10-25,3315,0,0,0
2025-10-26,3323,8,0,8
2025-10-27,3337,14,0,14
2025-10-28,3352,15,0,15
2025-10-29,3365,13,0,13
2025-10-30,3379,14,0,14
2025-10-31,3394,15,0,15
2025-11-01,3397,3,0,3
2025-11-02,3397,0,0,0
2025-11-03,3415,18,0,18
2025-11-04,3429,14,0,14
2025-11-05,3440,11,0,11
2025-11-06,3456,16,0,16
2025-11-07,3462,6,0,6
2025-11-08,3466,4,0,4
2025-11-09,3467,1,0,1
2025-11-10,3477,10,0,10
2025-11-11,3487,10,0,10
2025-11-12,3507,20,0,20
2025-11-13,3533,26,0,26
2025-11-14,3553,20,0,20
2025-11-15,3553,0,0,0
2025-11-16,3554,1,0,1
2025-11-17,3566,12,0,12
2025-11-18,3577,11,0,11
2025-11-19,3592,15,0,15
2025-11-20,3608,16,0,16
2025-11-21,3626,18,0,18
2025-11-22,3627,1,0,1
2025-11-23,3630,3,0,3
2025-11-24,3647,17,0,17
2025-11-25,3667,20,0,20
2025-11-26,3675,8,0,8
2025-11-27,3686,11,0,11
2025-11-28,3695,9,0,9
2025-11-29,3696,1,0,1
2025-11-30,3696,0,0,0
2025-12-01,3711,15,0,15
2025-12-02,3732,21,0,21
2025-12-03,3747,15,0,15
2025-12-04,3839,92,0,92
2025-12-05,3852,13,0,13
2025-12-06,3860,8,0,8
2025-12-07,3867,7,0,7
2025-12-08,3899,32,0,32
2025-12-09,3919,20,0,20
2025-12-10,3936,17,0,17
2025-12-11,3961,25,0,25
2025-12-12,3974,13,0,13
2025-12-13,3977,3,0,3
2025-12-14,3977,0,0,0
2025-12-15,3991,14,0,14
2025-12-16,4015,24,0,24
2025-12-17,4053,38,0,38
2025-12-18,4111,58,0,58
2025-12-19,4167,56,0,56
2025-12-20,4173,6,0,6
2025-12-21,4175,2,0,2
2025-12-22,4205,30,0,30
2025-12-23,4237,32,0,32
2025-12-24,4257,20,0,20
2025-12-25,4285,28,0,28
2025-12-26,4295,10,0,10
2025-12-27,4300,5,0,5
2025-12-28,4301,1,0,1
2025-12-29,4332,31,0,31
2025-12-30,4357,25,0,25
2025-12-31,4372,15,0,15
2026-01-01,4378,6,0,6
2026-01-02,4381,3,0,3
2026-01-03,4382,1,0,1
2026-01-04,4409,27,0,27
2026-01-05,4454,45,0,45
2026-01-06,4513,59,0,59
2026-01-07,4551,38,0,38
2026-01-08,4590,39,0,39
2026-01-09,4619,29,0,29
2026-01-10,4623,4,0,4
2026-01-11,4632,9,0,9
2026-01-12,4670,38,0,38
2026-01-13,4711,41,0,41
2026-01-14,4758,47,0,47
2026-01-15,4800,42,0,42
2026-01-16,4847,47,0,47
2026-01-17,4856,9,0,9
2026-01-18,4857,1,0,1
2026-01-19,4901,44,0,44
2026-01-20,4949,48,0,48
2026-01-21,4986,37,0,37
2026-01-22,5035,49,0,49
2026-01-23,5153,118,0,118
2026-01-24,5157,4,0,4
2026-01-25,5159,2,0,2
2026-01-26,5211,52,0,52
2026-01-27,5275,64,0,64
2026-01-28,5339,64,0,64
2026-01-29,5386,47,0,47
2026-01-30,5417,31,0,31
2026-01-31,5421,4,0,4
2026-02-01,5423,2,0,2
2026-02-02,5479,56,0,56
2026-02-03,5529,50,0,50
2026-02-04,5592,63,0,63
2026-02-05,5651,59,0,59
2026-02-06,5694,43,0,43
2026-02-07,5701,7,0,7
2026-02-08,5702,1,0,1
2026-02-09,5759,57,0,57
2026-02-10,5804,45,0,45
2026-02-11,5835,31,0,31
2026-02-12,5856,21,0,21
2026-02-13,5874,18,0,18
2026-02-14,5875,1,0,1
2026-02-15,5877,2,0,2
2026-02-16,5877,0,0,0
2026-02-17,5878,1,0,1
2026-02-18,5879,1,0,1
2026-02-19,5880,1,0,1
2026-02-20,5880,0,0,0
2026-02-21,5887,7,0,7
2026-02-22,5892,5,0,5
2026-02-23,5907,15,0,15
2026-02-24,6041,134,0,134
2026-02-25,6287,246,0,246
2026-02-26,6567,280,0,280
2026-02-27,6768,201,0,201
2026-02-28,6951,183,0,183
2026-03-01,6975,24,0,24
2026-03-02,7257,282,0,282
2026-03-03,7551,294,0,294
2026-03-04,7849,298,0,298
2026-03-05,8167,318,0,318
2026-03-06,8403,236,0,236
2026-03-07,8457,54,0,54
2026-03-08,8482,25,0,25
2026-03-09,8891,409,0,409
2026-03-10,9328,437,0,437
2026-03-11,9806,478,0,478
2026-03-12,10205,399,0,399
2026-03-13,10579,374,0,374
2026-03-14,10651,72,0,72
2026-03-15,10685,34,0,34
2026-03-16,11572,887,0,887
2026-03-17,12175,603,0,603
2026-03-18,12772,597,0,597
2026-03-19,13398,626,0,626
2026-03-20,14193,795,0,795
2026-03-21,14323,130,0,130
2026-03-22,14379,56,0,56
2026-03-23,14826,455,8,447
2026-03-24,15513,695,8,687
2026-03-25,15861,368,20,348
2026-03-26,16176,348,33,315
2026-03-27,16280,180,76,104
2026-03-28,15983,56,353,-297
2026-03-29,15774,33,242,-209
2026-03-30,15847,262,189,73
2026-03-31,15992,259,114,145
2026-04-01,13645,42,2389,-2347
2026-04-02,13618,44,71,-27
2026-04-03,13366,0,252,-252
2026-04-04,13026,0,340,-340
2026-04-05,12894,0,132,-132
2026-04-06,12731,0,163,-163
2026-04-07,12596,0,135,-135
2026-04-08,12549,0,47,-47
2026-04-09,12348,2,203,-201
2026-04-10,11692,0,656,-656
2026-04-11,11549,0,143,-143
2026-04-12,11409,0,140,-140
2026-04-13,11190,0,219,-219
2026-04-14,11075,0,115,-115
2026-04-15,11040,0,35,-35
2026-04-16,10996,1,45,-44
2026-04-17,10912,2,86,-84
2026-04-18,10786,0,126,-126
2026-04-19,10613,0,173,-173
2026-04-20,10549,0,64,-64
2026-04-21,10499,3,53,-50
2026-04-22,10471,2,30,-28
2026-04-23,10449,0,22,-22
2026-04-24,10333,0,116,-116
2026-04-25,10253,0,80,-80
2026-04-26,10184,0,69,-69
2026-04-27,10134,0,50,-50
2026-04-28,10098,0,36,-36
2026-04-29,10083,0,15,-15
2026-04-30,10067,0,16,-16
2026-05-01,9752,0,315,-315
2026-05-02,9705,0,47,-47
2026-05-03,9690,0,15,-15
2026-05-04,9679,0,11,-11
2026-05-05,9677,0,2,-2
2026-05-06,9669,0,8,-8
2026-05-07,9666,0,3,-3
2026-05-08,9644,0,22,-22
2026-05-09,9628,0,16,-16
2026-05-10,9609,0,19,-19
2026-05-11,9603,0,6,-6
2026-05-12,9599,0,4,-4
2026-05-13,9597,0,2,-2
2026-05-14,9576,0,21,-21
2026-05-15,9559,0,17,-17
2026-05-16,9447,0,112,-112
2026-05-17,9420,0,27,-27
2026-05-18,9419,0,1,-1
2026-05-19,9416,0,3,-3
2026-05-20,9416,0,0,0
2026-05-21,9396,0,20,-20
2026-05-22,9392,0,4,-4
2026-05-23,9391,0,1,-1
2026-05-24,9382,0,9,-9
2026-05-25,9378,0,4,-4
2026-05-26,9373,0,5,-5
2026-05-27,9372,0,1,-1
2026-05-28,9368,0,4,-4
2026-05-29,9359,0,9,-9
2026-05-30,9334,0,25,-25
2026-05-31,9270,0,64,-64
2026-06-01,9145,0,125,-125
2026-06-02,9123,0,22,-22
2026-06-03,9117,0,6,-6
2026-06-04,9092,0,25,-25
2026-06-05,9050,0,42,-42
2026-06-06,9040,0,10,-10
2026-06-07,9024,0,16,-16
2026-06-08,8921,0,103,-103
2026-06-09,8921,0,0,0
2026-06-10,8918,0,3,-3
2026-06-11,8710,0,208,-208
2026-06-12,8692,0,18,-18
2026-06-13,8683,0,9,-9
2026-06-14,8589,0,94,-94
2026-06-15,8565,0,24,-24
2026-06-16,8556,0,9,-9
2026-06-17,8554,0,2,-2
2026-06-18,7862,0,692,-692
2026-06-19,7848,0,14,-14
2026-06-20,7833,0,15,-15
2026-06-21,7825,0,8,-8
2026-06-22,7801,0,24,-24
2026-06-23,7799,0,2,-2
2026-06-24,7795,0,4,-4
2026-06-25,7788,0,7,-7
2026-06-26,7735,0,53,-53
2026-06-27,7730,0,5,-5
2026-06-28,7708,0,22,-22
2026-06-29,7653,0,55,-55
2026-06-30,7653,0,0,0
2026-07-01,6564,0,1089,-1089
2026-07-02,6514,0,50,-50
2026-07-03,6501,0,13,-13
2026-07-04,6496,0,5,-5
2026-07-05,6492,0,4,-4
2026-07-06,6492,0,0,0
2026-07-07,6489,0,3,-3
2026-07-08,6488,0,1,-1
2026-07-09,6478,0,10,-10
2026-07-10,6469,0,9,-9
2026-07-11,6466,0,3,-3
2026-07-12,6435,0,31,-31
2026-07-13,6433,0,2,-2
2026-07-14,6433,0,0,0
2026-07-15,6396,0,37,-37
2026-07-16,6396,0,0,0
2026-07-17,6394,0,2,-2
2026-07-18,6386,0,8,-8
2026-07-19,6380,0,6,-6
2026-07-20,6373,0,7,-7
2026-07-21,6371,0,2,-2
2026-07-22,6368,0,3,-3
2026-07-23,6366,0,2,-2
2026-07-24,6364,0,2,-2
2026-07-25,6360,0,4,-4
2026-07-26,6360,0,0,0
2026-07-27,6354,0,6,-6
2026-07-28,6354,0,0,0
2026-07-29,6352,0,2,-2
2026-07-30,6315,0,37,-37
2026-07-31,6314,0,1,-1
2026-08-01,6275,0,39,-39
2026-08-02,6266,0,9,-9
2026-08-03,6243,0,23,-23
2026-08-04,6243,0,0,0
2026-08-05,6243,0,0,0
2026-08-06,6241,0,2,-2
2026-08-07,6234,0,7,-7
2026-08-08,6232,0,2,-2
2026-08-09,6224,0,8,-8
2026-08-10,6193,0,31,-31
2026-08-11,6192,0,1,-1
2026-08-12,6192,0,0,0
2026-08-13,6192,0,0,0
2026-08-14,6187,0,5,-5
2026-08-15,6186,0,1,-1
2026-08-16,6168,0,18,-18
2026-08-17,6130,0,38,-38
2026-08-18,6130,0,0,0
2026-08-19,6130,0,0,0
2026-08-20,6119,0,11,-11
2026-08-21,6119,0,0,0
2026-08-22,6111,0,8,-8
2026-08-23,6102,0,9,-9
2026-08-24,6098,0,4,-4
2026-08-25,6098,0,0,0
2026-08-26,6098,0,0,0
2026-08-27,6084,0,14,-14
2026-08-28,6082,0,2,-2
2026-08-29,6078,0,4,-4
2026-08-30,6072,0,6,-6
2026-08-31,6060,0,12,-12
2026-09-01,6040,0,20,-20
2026-09-02,6032,0,8,-8
2026-09-03,6029,0,3,-3
2026-09-04,5988,0,41,-41
2026-09-05,5960,0,28,-28
2026-09-06,5931,0,29,-29
2026-09-07,5922,0,9,-9
2026-09-08,5911,0,11,-11
2026-09-09,5910,0,1,-1
2026-09-10,5884,0,26,-26
2026-09-11,5883,0,1,-1
2026-09-12,5855,0,28,-28
2026-09-13,5822,0,33,-33
2026-09-14,5818,0,4,-4
2026-09-15,5816,0,2,-2
2026-09-16,5816,0,0,0
2026-09-17,5814,0,2,-2
2026-09-18,5797,0,17,-17
2026-09-19,5780,0,17,-17
2026-09-20,5766,0,14,-14
2026-09-21,5748,0,18,-18
2026-09-22,5748,0,0,0
2026-09-23,5748,0,0,0
2026-09-24,5744,0,4,-4
2026-09-25,5738,0,6,-6
2026-09-26,5727,0,11,-11
2026-09-27,5699,0,28,-28
2026-09-28,5676,0,23,-23
2026-09-29,5676,0,0,0
2026-09-30,5650,0,26,-26
2026-10-01,5632,0,18,-18
2026-10-02,5630,0,2,-2
2026-10-03,5630,0,0,0
2026-10-04,5630,0,0,0
2026-10-05,5630,0,0,0
2026-10-06,5630,0,0,0
2026-10-07,5630,0,0,0
2026-10-08,5630,0,0,0
2026-10-09,5630,0,0,0
2026-10-10,5630,0,0,0
2026-10-11,5197,0,433,-433
2026-10-12,5171,0,26,-26
2026-10-13,5161,0,10,-10
2026-10-14,5161,0,0,0
2026-10-15,5115,0,46,-46
2026-10-16,5106,0,9,-9
2026-10-17,5105,0,1,-1
2026-10-18,5095,0,10,-10
2026-10-19,5088,0,7,-7
2026-10-20,5076,0,12,-12
2026-10-21,5057,0,19,-19
2026-10-22,5050,0,7,-7
2026-10-23,4997,0,53,-53
2026-10-24,4990,0,7,-7
2026-10-25,4968,0,22,-22
2026-10-26,4954,0,14,-14
2026-10-27,4953,0,1,-1
2026-10-28,4949,0,4,-4
2026-10-29,4938,0,11,-11
2026-10-30,4934,0,4,-4
2026-10-31,4895,0,39,-39
2026-11-01,4817,0,78,-78
2026-11-02,4788,0,29,-29
2026-11-03,4788,0,0,0
2026-11-04,4788,0,0,0
2026-11-05,4772,0,16,-16
2026-11-06,4740,0,32,-32
2026-11-07,4690,0,50,-50
2026-11-08,4628,0,62,-62
2026-11-09,4358,0,270,-270
2026-11-10,4358,0,0,0
2026-11-11,4358,0,0,0
2026-11-12,4353,0,5,-5
2026-11-13,4343,0,10,-10
2026-11-14,4337,0,6,-6
2026-11-15,4318,0,19,-19
2026-11-16,4297,0,21,-21
2026-11-17,4289,0,8,-8
2026-11-18,4289,0,0,0
2026-11-19,4278,0,11,-11
2026-11-20,4252,0,26,-26
2026-11-21,4194,0,58,-58
2026-11-22,4186,0,8,-8
2026-11-23,4072,0,114,-114
2026-11-24,4071,0,1,-1
2026-11-25,4070,0,1,-1
2026-11-26,4047,0,23,-23
2026-11-27,4041,0,6,-6
2026-11-28,4024,0,17,-17
2026-11-29,4020,0,4,-4
2026-11-30,3990,0,30,-30
2026-12-01,3958,0,32,-32
2026-12-02,3942,0,16,-16
2026-12-03,3681,0,261,-261
2026-12-04,3654,0,27,-27
2026-12-05,3637,0,17,-17
2026-12-06,3619,0,18,-18
2026-12-07,3571,0,48,-48
2026-12-08,3571,0,0,0
2026-12-09,3566,0,5,-5
2026-12-10,3558,0,8,-8
2026-12-11,3554,0,4,-4
2026-12-12,3550,0,4,-4
2026-12-13,3518,0,32,-32
2026-12-14,3497,0,21,-21
2026-12-15,3488,0,9,-9
2026-12-16,3488,0,0,0
2026-12-17,3465,0,23,-23
2026-12-18,3460,0,5,-5
2026-12-19,3443,0,17,-17
2026-12-20,3441,0,2,-2
2026-12-21,3419,0,22,-22
2026-12-22,3328,0,91,-91
2026-12-23,3328,0,0,0
2026-12-24,3315,0,13,-13
2026-12-25,3309,0,6,-6
2026-12-26,3300,0,9,-9
2026-12-27,3297,0,3,-3
2026-12-28,3253,0,44,-44
2026-12-29,3253,0,0,0
2026-12-30,3251,0,2,-2
2026-12-31,2202,0,1049,-1049
2027-01-01,2083,0,119,-119
2027-01-02,1791,0,292,-292
2027-01-03,1791,0,0,0
2027-01-04,1779,0,12,-12
2027-01-05,1779,0,0,0
2027-01-06,1693,0,86,-86
2027-01-07,1440,0,253,-253
2027-01-08,1423,0,17,-17
2027-01-09,1417,0,6,-6
2027-01-10,1408,0,9,-9
2027-01-11,1403,0,5,-5
2027-01-12,1403,0,0,0
2027-01-13,1403,0,0,0
2027-01-14,1383,0,20,-20
2027-01-15,1292,0,91,-91
2027-01-16,1290,0,2,-2
2027-01-17,1277,0,13,-13
2027-01-18,1008,0,269,-269
2027-01-19,1003,0,5,-5
2027-01-20,1003,0,0,0
2027-01-21,954,0,49,-49
2027-01-22,948,0,6,-6
2027-01-23,944,0,4,-4
2027-01-24,859,0,85,-85
2027-01-25,853,0,6,-6
2027-01-26,853,0,0,0
2027-01-27,853,0,0,0
2027-01-28,842,0,11,-11
2027-01-29,834,0,8,-8
2027-01-30,813,0,21,-21
2027-01-31,812,0,1,-1
2027-02-01,792,0,20,-20
2027-02-02,790,0,2,-2
2027-02-03,790,0,0,0
2027-02-04,784,0,6,-6
2027-02-05,775,0,9,-9
2027-02-06,771,0,4,-4
2027-02-07,758,0,13,-13
2027-02-08,744,0,14,-14
2027-02-09,744,0,0,0
2027-02-10,744,0,0,0
2027-02-11,740,0,4,-4
2027-02-12,738,0,2,-2
2027-02-13,733,0,5,-5
2027-02-14,731,0,2,-2
2027-02-15,730,0,1,-1
2027-02-16,728,0,2,-2
2027-02-17,728,0,0,0
2027-02-18,728,0,0,0
2027-02-19,728,0,0,0
2027-02-20,720,0,8,-8
2027-02-21,700,0,20,-20
2027-02-22,699,0,1,-1
2027-02-23,699,0,0,0
2027-02-24,699,0,0,0
2027-02-25,699,0,0,0
2027-02-26,660,0,39,-39
2027-02-27,637,0,23,-23
2027-02-28,626,0,11,-11
2027-03-01,616,0,10,-10
2027-03-02,593,0,23,-23
2027-03-03,593,0,0,0
2027-03-04,584,0,9,-9
2027-03-05,508,0,76,-76
2027-03-06,323,0,185,-185
2027-03-07,318,0,5,-5
2027-03-08,310,0,8,-8
2027-03-09,305,0,5,-5
2027-03-10,305,0,0,0
2027-03-11,266,0,39,-39
2027-03-12,258,0,8,-8
2027-03-13,250,0,8,-8
2027-03-14,247,0,3,-3
2027-03-15,224,0,23,-23
2027-03-16,223,0,1,-1
2027-03-17,223,0,0,0
2027-03-18,207,0,16,-16
2027-03-19,187,0,20,-20
2027-03-20,167,0,20,-20
2027-03-21,162,0,5,-5
2027-03-22,140,0,22,-22
2027-03-23,140,0,0,0
2027-03-24,140,0,0,0
2027-03-25,100,0,40,-40
2027-03-26,96,0,4,-4
2027-03-27,94,0,2,-2
2027-03-28,77,0,17,-17
2027-03-29,70,0,7,-7
2027-03-30,70,0,0,0
2027-03-31,70,0,0,0
2027-04-01,63,0,7,-7
2027-04-02,59,0,4,-4
2027-04-03,57,0,2,-2
2027-04-04,56,0,1,-1
2027-04-05,56,0,0,0
2027-04-06,56,0,0,0
2027-04-07,56,0,0,0
2027-04-08,56,0,0,0
2027-04-09,56,0,0,0
2027-04-10,48,0,8,-8
2027-04-11,48,0,0,0
2027-04-12,48,0,0,0
2027-04-13,48,0,0,0
2027-04-14,48,0,0,0
2027-04-15,48,0,0,0
2027-04-16,48,0,0,0
2027-04-17,48,0,0,0
2027-04-18,48,0,0,0
2027-04-19,48,0,0,0
2027-04-20,48,0,0,0
2027-04-21,48,0,0,0
2027-04-22,48,0,0,0
2027-04-23,48,0,0,0
2027-04-24,48,0,0,0
2027-04-25,48,0,0,0
2027-04-26,48,0,0,0
2027-04-27,48,0,0,0
2027-04-28,48,0,0,0
2027-04-29,48,0,0,0
2027-04-30,48,0,0,0
2027-05-01,48,0,0,0
2027-05-02,48,0,0,0
2027-05-03,48,0,0,0
2027-05-04,48,0,0,0
2027-05-05,48,0,0,0
2027-05-06,48,0,0,0
2027-05-07,48,0,0,0
2027-05-08,48,0,0,0
2027-05-09,48,0,0,0
2027-05-10,48,0,0,0
2027-05-11,48,0,0,0
2027-05-12,48,0,0,0
2027-05-13,48,0,0,0
2027-05-14,47,0,1,-1
2027-05-15,47,0,0,0
2027-05-16,47,0,0,0
2027-05-17,47,0,0,0
2027-05-18,47,0,0,0
2027-05-19,47,0,0,0
2027-05-20,47,0,0,0
2027-05-21,47,0,0,0
2027-05-22,47,0,0,0
2027-05-23,41,0,6,-6
2027-05-24,41,0,0,0
2027-05-25,41,0,0,0
2027-05-26,41,0,0,0
2027-05-27,41,0,0,0
2027-05-28,38,0,3,-3
2027-05-29,38,0,0,0
2027-05-30,38,0,0,0
2027-05-31,38,0,0,0
2027-06-01,38,0,0,0
2027-06-02,38,0,0,0
2027-06-03,38,0,0,0
2027-06-04,38,0,0,0
2027-06-05,38,0,0,0
2027-06-06,38,0,0,0
2027-06-07,38,0,0,0
2027-06-08,38,0,0,0
2027-06-09,38,0,0,0
2027-06-10,38,0,0,0
2027-06-11,38,0,0,0
2027-06-12,38,0,0,0
2027-06-13,38,0,0,0
2027-06-14,38,0,0,0
2027-06-15,38,0,0,0
2027-06-16,38,0,0,0
2027-06-17,38,0,0,0
2027-06-18,38,0,0,0
2027-06-19,38,0,0,0
2027-06-20,38,0,0,0
2027-06-21,38,0,0,0
2027-06-22,38,0,0,0
2027-06-23,38,0,0,0
2027-06-24,38,0,0,0
2027-06-25,38,0,0,0
2027-06-26,38,0,0,0
2027-06-27,38,0,0,0
2027-06-28,38,0,0,0
2027-06-29,38,0,0,0
2027-06-30,38,0,0,0
2027-07-01,38,0,0,0
2027-07-02,38,0,0,0
2027-07-03,38,0,0,0
2027-07-04,38,0,0,0
2027-07-05,38,0,0,0
2027-07-06,38,0,0,0
2027-07-07,38,0,0,0
2027-07-08,38,0,0,0
2027-07-09,38,0,0,0
2027-07-10,38,0,0,0
2027-07-11,38,0,0,0
2027-07-12,38,0,0,0
2027-07-13,38,0,0,0
2027-07-14,38,0,0,0
2027-07-15,38,0,0,0
2027-07-16,38,0,0,0
2027-07-17,38,0,0,0
2027-07-18,38,0,0,0
2027-07-19,38,0,0,0
2027-07-20,38,0,0,0
2027-07-21,38,0,0,0
2027-07-22,38,0,0,0
2027-07-23,38,0,0,0
2027-07-24,38,0,0,0
2027-07-25,38,0,0,0
2027-07-26,38,0,0,0
2027-07-27,38,0,0,0
2027-07-28,38,0,0,0
2027-07-29,38,0,0,0
2027-07-30,38,0,0,0
2027-07-31,38,0,0,0
2027-08-01,38,0,0,0
2027-08-02,38,0,0,0
2027-08-03,38,0,0,0
2027-08-04,38,0,0,0
2027-08-05,38,0,0,0
2027-08-06,38,0,0,0
2027-08-07,37,0,1,-1
2027-08-08,37,0,0,0
2027-08-09,37,0,0,0
2027-08-10,37,0,0,0
2027-08-11,37,0,0,0
2027-08-12,37,0,0,0
2027-08-13,37,0,0,0
2027-08-14,37,0,0,0
2027-08-15,37,0,0,0
2027-08-16,37,0,0,0
2027-08-17,37,0,0,0
2027-08-18,37,0,0,0
2027-08-19,37,0,0,0
2027-08-20,37,0,0,0
2027-08-21,37,0,0,0
2027-08-22,37,0,0,0
2027-08-23,37,0,0,0
2027-08-24,37,0,0,0
2027-08-25,37,0,0,0
2027-08-26,37,0,0,0
2027-08-27,37,0,0,0
2027-08-28,37,0,0,0
2027-08-29,37,0,0,0
2027-08-30,37,0,0,0
2027-08-31,37,0,0,0
2027-09-01,37,0,0,0
2027-09-02,37,0,0,0
2027-09-03,37,0,0,0
2027-09-04,37,0,0,0
2027-09-05,37,0,0,0
2027-09-06,37,0,0,0
2027-09-07,37,0,0,0
2027-09-08,37,0,0,0
2027-09-09,37,0,0,0
2027-09-10,37,0,0,0
2027-09-11,37,0,0,0
2027-09-12,37,0,0,0
2027-09-13,37,0,0,0
2027-09-14,37,0,0,0
2027-09-15,37,0,0,0
2027-09-16,37,0,0,0
2027-09-17,37,0,0,0
2027-09-18,37,0,0,0
2027-09-19,37,0,0,0
2027-09-20,37,0,0,0
2027-09-21,37,0,0,0
2027-09-22,37,0,0,0
2027-09-23,37,0,0,0
2027-09-24,37,0,0,0
2027-09-25,37,0,0,0
2027-09-26,36,0,1,-1
2027-09-27,36,0,0,0
2027-09-28,36,0,0,0
2027-09-29,36,0,0,0
2027-09-30,36,0,0,0
2027-10-01,36,0,0,0
2027-10-02,36,0,0,0
2027-10-03,36,0,0,0
2027-10-04,36,0,0,0
2027-10-05,36,0,0,0
2027-10-06,36,0,0,0
2027-10-07,36,0,0,0
2027-10-08,36,0,0,0
2027-10-09,36,0,0,0
2027-10-10,36,0,0,0
2027-10-11,36,0,0,0
2027-10-12,36,0,0,0
2027-10-13,36,0,0,0
2027-10-14,36,0,0,0
2027-10-15,36,0,0,0
2027-10-16,36,0,0,0
2027-10-17,36,0,0,0
2027-10-18,36,0,0,0
2027-10-19,36,0,0,0
2027-10-20,36,0,0,0
2027-10-21,36,0,0,0
2027-10-22,32,0,4,-4
2027-10-23,32,0,0,0
2027-10-24,32,0,0,0
2027-10-25,32,0,0,0
2027-10-26,32,0,0,0
2027-10-27,32,0,0,0
2027-10-28,32,0,0,0
2027-10-29,32,0,0,0
2027-10-30,32,0,0,0
2027-10-31,32,0,0,0
2027-11-01,32,0,0,0
2027-11-02,32,0,0,0
2027-11-03,32,0,0,0
2027-11-04,32,0,0,0
2027-11-05,32,0,0,0
2027-11-06,32,0,0,0
2027-11-07,32,0,0,0
2027-11-08,25,0,7,-7
2027-11-09,25,0,0,0
2027-11-10,25,0,0,0
2027-11-11,25,0,0,0
2027-11-12,25,0,0,0
2027-11-13,25,0,0,0
2027-11-14,25,0,0,0
2027-11-15,24,0,1,-1
2027-11-16,24,0,0,0
2027-11-17,24,0,0,0
2027-11-18,24,0,0,0
2027-11-19,24,0,0,0
2027-11-20,24,0,0,0
2027-11-21,22,0,2,-2
2027-11-22,18,0,4,-4
2027-11-23,18,0,0,0
2027-11-24,18,0,0,0
2027-11-25,18,0,0,0
2027-11-26,18,0,0,0
2027-11-27,18,0,0,0
2027-11-28,17,0,1,-1
2027-11-29,17,0,0,0
2027-11-30,17,0,0,0
2027-12-01,17,0,0,0
2027-12-02,17,0,0,0
2027-12-03,17,0,0,0
2027-12-04,17,0,0,0
2027-12-05,17,0,0,0
2027-12-06,17,0,0,0
2027-12-07,17,0,0,0
2027-12-08,17,0,0,0
2027-12-09,17,0,0,0
2027-12-10,17,0,0,0
2027-12-11,15,0,2,-2
2027-12-12,15,0,0,0
2027-12-13,14,0,1,-1
2027-12-14,14,0,0,0
2027-12-15,9,0,5,-5
2027-12-16,9,0,0,0
2027-12-17,9,0,0,0
2027-12-18,9,0,0,0
2027-12-19,9,0,0,0
2027-12-20,9,0,0,0
2027-12-21,9,0,0,0
2027-12-22,9,0,0,0
2027-12-23,9,0,0,0
2027-12-24,9,0,0,0
2027-12-25,7,0,2,-2
2027-12-26,7,0,0,0
2027-12-27,7,0,0,0
2027-12-28,7,0,0,0
2027-12-29,7,0,0,0
2027-12-30,7,0,0,0
2027-12-31,7,0,0,0
2028-01-01,6,0,1,-1
2028-01-02,6,0,0,0
2028-01-03,6,0,0,0
2028-01-04,6,0,0,0
2028-01-05,6,0,0,0
2028-01-06,6,0,0,0
2028-01-07,6,0,0,0
2028-01-08,6,0,0,0
2028-01-09,6,0,0,0
2028-01-10,6,0,0,0
2028-01-11,6,0,0,0
2028-01-12,6,0,0,0
2028-01-13,6,0,0,0
2028-01-14,6,0,0,0
2028-01-15,6,0,0,0
2028-01-16,4,0,2,-2
2028-01-17,4,0,0,0
2028-01-18,4,0,0,0
2028-01-19,4,0,0,0
2028-01-20,4,0,0,0
2028-01-21,4,0,0,0
2028-01-22,4,0,0,0
2028-01-23,4,0,0,0
2028-01-24,3,0,1,-1
2028-01-25,3,0,0,0
2028-01-26,3,0,0,0
2028-01-27,3,0,0,0
2028-01-28,3,0,0,0
2028-01-29,3,0,0,0
2028-01-30,3,0,0,0
2028-01-31,3,0,0,0
2028-02-01,3,0,0,0
2028-02-02,3,0,0,0
2028-02-03,3,0,0,0
2028-02-04,3,0,0,0
2028-02-05,3,0,0,0
2028-02-06,3,0,0,0
2028-02-07,3,0,0,0
2028-02-08,3,0,0,0
2028-02-09,3,0,0,0
2028-02-10,3,0,0,0
2028-02-11,3,0,0,0
2028-02-12,3,0,0,0
2028-02-13,3,0,0,0
2028-02-14,3,0,0,0
2028-02-15,3,0,0,0
2028-02-16,3,0,0,0
2028-02-17,3,0,0,0
2028-02-18,3,0,0,0
2028-02-19,3,0,0,0
2028-02-20,3,0,0,0
2028-02-21,3,0,0,0
2028-02-22,3,0,0,0
2028-02-23,3,0,0,0
2028-02-24,3,0,0,0
2028-02-25,3,0,0,0
2028-02-26,3,0,0,0
2028-02-27,3,0,0,0
2028-02-28,3,0,0,0
2028-02-29,3,0,0,0
2028-03-01,3,0,0,0
2028-03-02,3,0,0,0
2028-03-03,3,0,0,0
2028-03-04,3,0,0,0
2028-03-05,3,0,0,0
2028-03-06,3,0,0,0
2028-03-07,3,0,0,0
2028-03-08,3,0,0,0
2028-03-09,3,0,0,0
2028-03-10,3,0,0,0
2028-03-11,3,0,0,0
2028-03-12,3,0,0,0
2028-03-13,3,0,0,0
2028-03-14,3,0,0,0
2028-03-15,3,0,0,0
2028-03-16,3,0,0,0
2028-03-17,3,0,0,0
2028-03-18,3,0,0,0
2028-03-19,3,0,0,0
2028-03-20,3,0,0,0
2028-03-21,3,0,0,0
2028-03-22,3,0,0,0
2028-03-23,3,0,0,0
2028-03-24,3,0,0,0
2028-03-25,3,0,0,0
2028-03-26,3,0,0,0
2028-03-27,3,0,0,0
2028-03-28,3,0,0,0
2028-03-29,3,0,0,0
2028-03-30,3,0,0,0
2028-03-31,3,0,0,0
2028-04-01,3,0,0,0
2028-04-02,3,0,0,0
2028-04-03,3,0,0,0
2028-04-04,3,0,0,0
2028-04-05,3,0,0,0
2028-04-06,3,0,0,0
2028-04-07,3,0,0,0
2028-04-08,3,0,0,0
2028-04-09,3,0,0,0
2028-04-10,3,0,0,0
2028-04-11,3,0,0,0
2028-04-12,3,0,0,0
2028-04-13,3,0,0,0
2028-04-14,3,0,0,0
2028-04-15,3,0,0,0
2028-04-16,3,0,0,0
2028-04-17,3,0,0,0
2028-04-18,3,0,0,0
2028-04-19,3,0,0,0
2028-04-20,3,0,0,0
2028-04-21,3,0,0,0
2028-04-22,3,0,0,0
2028-04-23,3,0,0,0
2028-04-24,3,0,0,0
2028-04-25,3,0,0,0
2028-04-26,3,0,0,0
2028-04-27,3,0,0,0
2028-04-28,3,0,0,0
2028-04-29,3,0,0,0
2028-04-30,3,0,0,0
2028-05-01,3,0,0,0
2028-05-02,3,0,0,0
2028-05-03,3,0,0,0
2028-05-04,3,0,0,0
2028-05-05,3,0,0,0
2028-05-06,3,0,0,0
2028-05-07,3,0,0,0
2028-05-08,3,0,0,0
2028-05-09,3,0,0,0
2028-05-10,3,0,0,0
2028-05-11,3,0,0,0
2028-05-12,3,0,0,0
2028-05-13,3,0,0,0
2028-05-14,3,0,0,0
2028-05-15,3,0,0,0
2028-05-16,3,0,0,0
2028-05-17,3,0,0,0
2028-05-18,3,0,0,0
2028-05-19,3,0,0,0
2028-05-20,3,0,0,0
2028-05-21,3,0,0,0
2028-05-22,3,0,0,0
2028-05-23,3,0,0,0
2028-05-24,3,0,0,0
2028-05-25,3,0,0,0
2028-05-26,3,0,0,0
2028-05-27,3,0,0,0
2028-05-28,3,0,0,0
2028-05-29,3,0,0,0
2028-05-30,3,0,0,0
2028-05-31,3,0,0,0
2028-06-01,3,0,0,0
2028-06-02,3,0,0,0
2028-06-03,3,0,0,0
2028-06-04,3,0,0,0
2028-06-05,3,0,0,0
2028-06-06,3,0,0,0
2028-06-07,3,0,0,0
2028-06-08,3,0,0,0
2028-06-09,3,0,0,0
2028-06-10,3,0,0,0
2028-06-11,3,0,0,0
2028-06-12,3,0,0,0
2028-06-13,3,0,0,0
2028-06-14,3,0,0,0
2028-06-15,3,0,0,0
2028-06-16,3,0,0,0
2028-06-17,3,0,0,0
2028-06-18,3,0,0,0
2028-06-19,3,0,0,0
2028-06-20,3,0,0,0
2028-06-21,3,0,0,0
2028-06-22,3,0,0,0
2028-06-23,3,0,0,0
2028-06-24,3,0,0,0
2028-06-25,3,0,0,0
2028-06-26,3,0,0,0
2028-06-27,3,0,0,0
2028-06-28,3,0,0,0
2028-06-29,3,0,0,0
2028-06-30,3,0,0,0
2028-07-01,3,0,0,0
2028-07-02,3,0,0,0
2028-07-03,3,0,0,0
2028-07-04,3,0,0,0
2028-07-05,3,0,0,0
2028-07-06,3,0,0,0
2028-07-07,3,0,0,0
2028-07-08,3,0,0,0
2028-07-09,3,0,0,0
2028-07-10,3,0,0,0
2028-07-11,3,0,0,0
2028-07-12,3,0,0,0
2028-07-13,3,0,0,0
2028-07-14,3,0,0,0
2028-07-15,3,0,0,0
2028-07-16,3,0,0,0
2028-07-17,3,0,0,0
2028-07-18,3,0,0,0
2028-07-19,3,0,0,0
2028-07-20,3,0,0,0
2028-07-21,3,0,0,0
2028-07-22,3,0,0,0
2028-07-23,3,0,0,0
2028-07-24,3,0,0,0
2028-07-25,3,0,0,0
2028-07-26,3,0,0,0
2028-07-27,3,0,0,0
2028-07-28,3,0,0,0
2028-07-29,3,0,0,0
2028-07-30,3,0,0,0
2028-07-31,3,0,0,0
2028-08-01,3,0,0,0
2028-08-02,3,0,0,0
2028-08-03,3,0,0,0
2028-08-04,3,0,0,0
2028-08-05,3,0,0,0
2028-08-06,3,0,0,0
2028-08-07,3,0,0,0
2028-08-08,3,0,0,0
2028-08-09,3,0,0,0
2028-08-10,3,0,0,0
2028-08-11,3,0,0,0
2028-08-12,3,0,0,0
2028-08-13,3,0,0,0
2028-08-14,3,0,0,0
2028-08-15,3,0,0,0
2028-08-16,3,0,0,0
2028-08-17,3,0,0,0
2028-08-18,3,0,0,0
2028-08-19,3,0,0,0
2028-08-20,3,0,0,0
2028-08-21,3,0,0,0
2028-08-22,3,0,0,0
2028-08-23,3,0,0,0
2028-08-24,3,0,0,0
2028-08-25,3,0,0,0
2028-08-26,3,0,0,0
2028-08-27,3,0,0,0
2028-08-28,3,0,0,0
2028-08-29,3,0,0,0
2028-08-30,3,0,0,0
2028-08-31,3,0,0,0
2028-09-01,3,0,0,0
2028-09-02,3,0,0,0
2028-09-03,3,0,0,0
2028-09-04,3,0,0,0
2028-09-05,3,0,0,0
2028-09-06,3,0,0,0
2028-09-07,3,0,0,0
2028-09-08,3,0,0,0
2028-09-09,3,0,0,0
2028-09-10,3,0,0,0
2028-09-11,3,0,0,0
2028-09-12,3,0,0,0
2028-09-13,3,0,0,0
2028-09-14,3,0,0,0
2028-09-15,3,0,0,0
2028-09-16,3,0,0,0
2028-09-17,3,0,0,0
2028-09-18,3,0,0,0
2028-09-19,3,0,0,0
2028-09-20,3,0,0,0
2028-09-21,3,0,0,0
2028-09-22,3,0,0,0
2028-09-23,3,0,0,0
2028-09-24,3,0,0,0
2028-09-25,3,0,0,0
2028-09-26,3,0,0,0
2028-09-27,3,0,0,0
2028-09-28,3,0,0,0
2028-09-29,3,0,0,0
2028-09-30,3,0,0,0
2028-10-01,3,0,0,0
2028-10-02,3,0,0,0
2028-10-03,3,0,0,0
2028-10-04,3,0,0,0
2028-10-05,3,0,0,0
2028-10-06,3,0,0,0
2028-10-07,3,0,0,0
2028-10-08,3,0,0,0
2028-10-09,3,0,0,0
2028-10-10,3,0,0,0
2028-10-11,3,0,0,0
2028-10-12,3,0,0,0
2028-10-13,3,0,0,0
2028-10-14,3,0,0,0
2028-10-15,3,0,0,0
2028-10-16,3,0,0,0
2028-10-17,3,0,0,0
2028-10-18,3,0,0,0
2028-10-19,3,0,0,0
2028-10-20,3,0,0,0
2028-10-21,3,0,0,0
2028-10-22,3,0,0,0
2028-10-23,3,0,0,0
2028-10-24,3,0,0,0
2028-10-25,3,0,0,0
2028-10-26,3,0,0,0
2028-10-27,3,0,0,0
2028-10-28,3,0,0,0
2028-10-29,3,0,0,0
2028-10-30,3,0,0,0
2028-10-31,3,0,0,0
2028-11-01,3,0,0,0
2028-11-02,3,0,0,0
2028-11-03,3,0,0,0
2028-11-04,3,0,0,0
2028-11-05,3,0,0,0
2028-11-06,3,0,0,0
2028-11-07,3,0,0,0
2028-11-08,3,0,0,0
2028-11-09,3,0,0,0
2028-11-10,3,0,0,0
2028-11-11,3,0,0,0
2028-11-12,3,0,0,0
2028-11-13,3,0,0,0
2028-11-14,3,0,0,0
2028-11-15,3,0,0,0
2028-11-16,3,0,0,0
2028-11-17,3,0,0,0
2028-11-18,3,0,0,0
2028-11-19,3,0,0,0
2028-11-20,3,0,0,0
2028-11-21,3,0,0,0
2028-11-22,3,0,0,0
