序号,英文列名,字段名,中文名称,数据类型,非空数量,缺失数量,空字符串数量,唯一值数量,缺失率,字段说明
1,id,记录ID,记录ID,int64,172063,0,0,172063,0.0,数据库自增主键，采集记录的入库序号，仅用于数据追溯
2,group_name,岗位大类,岗位大类,object,172063,0,0,12,0.0,采集时的一级岗位大类（如运营、产品、人工智能等）
3,item_text,岗位细分类,岗位细分类,object,172063,0,0,87,0.0,采集时的搜索关键词，即岗位细分类，同一岗位可能命中多个细分类
4,item_url,岗位搜索链接,岗位搜索链接,object,172063,0,0,87,0.0,搜索列表页链接，仅具搜索分类意义，不是岗位实体属性
5,search_page,搜索页码,搜索页码,float64,172063,0,0,405,0.0,该条记录来自搜索结果第几页，属抓取来源字段
6,intern_id,实习岗位ID,实习岗位ID,object,172063,0,0,17144,0.0,实习僧岗位 ID（inn_ 开头），岗位实体主键候选
7,detail_url,岗位详情链接,岗位详情链接,object,172063,0,0,17148,0.0,岗位详情页链接，岗位身份辅助校验字段
8,job_title_detail,岗位标题,岗位标题,object,172063,0,0,12438,0.0,岗位标题，招聘方发布的职位名称
9,publish_time_detail,发布时间,发布时间,object,172063,0,0,19040,0.0,岗位发布时间，原始为字符串时间戳
10,salary_detail,薪资信息,薪资信息,object,172063,0,0,140,0.0,薪资信息原文，可能为区间（如 150-300/天）或薪资面议
11,city_detail,工作城市,工作城市,object,172063,0,0,145,0.0,工作城市，取自详情页岗位信息
12,degree_detail,学历要求,学历要求,object,172063,0,0,5,0.0,学历要求（本科 / 硕士 / 大专 / 博士 / 不限）
13,days_per_week_detail,每周到岗要求,每周到岗要求,object,172063,0,0,7,0.0,每周到岗要求，原文形如 4天／周
14,intern_months_detail,实习时长要求,实习时长要求,object,172063,0,0,13,0.0,实习时长要求，原文形如 实习3个月
15,job_tags_detail,岗位标签,岗位标签,object,172056,7,0,7289,4.1e-05,岗位福利标签原文，顿号分隔
16,job_header_img_links,岗位头图链接,岗位头图链接,object,83,171980,0,1,0.999518,岗位头图链接，其中急招图标可派生急招标志
17,job_description,岗位描述,岗位描述,object,172060,3,0,15513,1.7e-05,岗位描述全文，含岗位职责与任职资格
18,resume_language,简历语言要求,简历语言要求,object,172060,3,0,4,1.7e-05,简历语言要求（中文 / 英文等）
19,deadline_detail,投递截止日期,投递截止日期,object,172060,3,0,337,1.7e-05,岗位投递截止日期
20,job_address,工作地址,工作地址,object,172060,3,0,6978,1.7e-05,工作地点详细地址
21,company_name_detail,公司名称,公司名称,object,172063,0,0,4422,0.0,公司名称
22,company_desc_detail,公司简介,公司简介,object,161727,10336,0,3759,0.060071,公司简介原文
23,company_tags_detail,公司标签,公司标签,object,139661,32402,0,2893,0.188315,公司标签原文
24,industry_detail,所属行业,所属行业,object,172051,12,0,32,7e-05,公司所属行业
25,company_nature_detail,公司性质,公司性质,object,171600,463,0,9,0.002691,公司性质（民营 / 外资 / 国有等）
26,company_size_detail,公司规模,公司规模,object,171997,66,0,12,0.000384,公司规模（人数区间）
27,company_location_detail,公司所在地,公司所在地,object,160664,11399,0,132,0.066249,公司所在地，粒度可能与工作城市不一致
28,company_intro_img_links,公司介绍图片链接,公司介绍图片链接,object,83800,88263,0,3,0.512969,公司介绍图片链接，Stage 03 前置语义映射源字段，映射成功后删除
29,created_at,数据创建时间,数据创建时间,datetime64[ns],172063,0,0,147399,0.0,记录写入数据库的时间
30,updated_at,数据更新时间,数据更新时间,datetime64[ns],172063,0,0,147397,0.0,记录最近一次更新的时间
