指标,历史基线,新流水线结果,绝对差异,是否一致,变化性质,备注
raw 行数,172063,172063,0.0,True,需一致,一致
raw 列数,30,30,0.0,True,需一致,一致
实习岗位ID唯一值,17144,17144,0.0,True,需一致,一致
原始详情链接唯一值,17148,17148,0.0,True,需一致,一致
规范化详情链接唯一值,17144,17144,0.0,True,需一致,一致
ID—规范化URL唯一组合,17144,17144,0.0,True,需一致,一致
唯一岗位数,17144,17144,0.0,True,需一致,一致
最终唯一岗位表字段数,31,46,15.0,False,预期变化,预期变化：实体选择规则由「全历史完整度优先」改为「最终核心版本优先」，并新增岗位版本摘要字段（核心版本数/完整页面版本数/历史是否发生X变化），原「公司介绍图片链接」已在去重前完成语义映射并被删除（禁止为匹配基线恢复原链接字段）
合并重复记录数,154919,154919,0.0,True,需一致,一致
平均每岗位原始记录数,10.0363,10.0363,0.0,True,需一致,一致
重复组数量,15311,15311,0.0,True,需一致,一致
单记录组数量,1833,1833,0.0,True,需一致,一致
存在多值的业务字段数,21,19,-2.0,False,预期变化,预期变化：字段多值审计改用版本签名的归一化统计范围（去首尾空格、空字符串统一归一为缺失）并采用 nunique(dropna=True)，「有值 vs 空值」不再计为字段冲突（仍会在版本签名中体现为不同状态）（禁止为匹配基线恢复原链接字段）
业务字段冲突明细行数,4237,4112,-125.0,False,预期变化,预期变化：同上：冲突留档统计范围迁移到变化事件表与 14 号版本审计表；另：Stage 01 已确定性修复源记录的公司属性语义槽位异常（公司性质/公司规模/公司所在地），相关字段的伪冲突随之减少（禁止为匹配基线恢复原链接字段）
关键业务字段冲突岗位数,265,264,-1.0,False,预期变化,预期变化：同上：空串归一为缺失后，1 个岗位的关键字段差异实际为「有值 vs 空值」，不计为值冲突（该岗位的历史状态变化仍完整保留在版本与变化事件中）；另：Stage 01 槽位异常修复后，公司性质/规模/所在地的伪冲突消失（禁止为匹配基线恢复原链接字段）
原始重复记录数 P50,9,9,0.0,True,需一致,一致
原始重复记录数 P95,21,21,0.0,True,需一致,一致
原始重复记录数 Max,30,30,0.0,True,需一致,一致
冲突最多的字段,发布时间,发布时间,,True,需一致,一致
冲突最多的字段对应岗位组数,2399,2399,0.0,True,需一致,一致
