feature,feature_type,representative_category,negotiable_ratio,public_salary_ratio,ratio_diff,chi_square,p_value,q_value_bhfdr
工作城市,单值类别,上海,0.236554,0.35615,-0.119596,356.4841,1.028490409975431e-69,
工作城市,单值类别,北京,0.481675,0.315645,0.166031,356.4841,1.028490409975431e-69,
工作城市,单值类别,深圳,0.085673,0.070383,0.015291,356.4841,1.028490409975431e-69,
工作城市,单值类别,广州,0.036173,0.069045,-0.032872,356.4841,1.028490409975431e-69,
工作城市,单值类别,杭州,0.063303,0.045411,0.017893,356.4841,1.028490409975431e-69,
工作城市,单值类别,成都,0.030462,0.045113,-0.014652,356.4841,1.028490409975431e-69,
工作城市,单值类别,苏州,0.005236,0.025567,-0.020331,356.4841,1.028490409975431e-69,
工作城市,单值类别,南京,0.015231,0.020959,-0.005728,356.4841,1.028490409975431e-69,
工作城市,单值类别,武汉,0.014755,0.01977,-0.005015,356.4841,1.028490409975431e-69,
工作城市,单值类别,合肥,0.005236,0.013081,-0.007845,356.4841,1.028490409975431e-69,
工作城市,单值类别,重庆,0.006663,0.010925,-0.004262,356.4841,1.028490409975431e-69,
工作城市,单值类别,长沙,0.019039,0.007952,0.011086,356.4841,1.028490409975431e-69,
公司规模,单值类别,2000人以上,0.672606,0.489821,0.182785,348.0204,3.269226955733484e-71,
公司规模,单值类别,15-50人,0.056125,0.123765,-0.067641,348.0204,3.269226955733484e-71,
公司规模,单值类别,150-500人,0.079733,0.110798,-0.031065,348.0204,3.269226955733484e-71,
公司规模,单值类别,500-2000人,0.038753,0.112074,-0.073321,348.0204,3.269226955733484e-71,
公司规模,单值类别,50-150人,0.094432,0.103474,-0.009042,348.0204,3.269226955733484e-71,
公司规模,单值类别,少于15人,0.026281,0.039105,-0.012824,348.0204,3.269226955733484e-71,
公司规模,单值类别,15人以下,0.031626,0.019553,0.012073,348.0204,3.269226955733484e-71,
公司规模,单值类别,50-200人,0.0,0.000538,-0.000538,348.0204,3.269226955733484e-71,
公司规模,单值类别,__未知__,0.000445,0.000269,0.000177,348.0204,3.269226955733484e-71,
公司规模,单值类别,100-200,0.0,0.000269,-0.000269,348.0204,3.269226955733484e-71,
公司规模,单值类别,500-1000人,0.0,0.000202,-0.000202,348.0204,3.269226955733484e-71,
公司规模,单值类别,50-100人,0.0,0.000134,-0.000134,348.0204,3.269226955733484e-71,
公司性质,单值类别,民营企业,0.873497,0.681247,0.19225,463.9758,4.422957745971767e-96,
公司性质,单值类别,外资企业,0.016036,0.17698,-0.160945,463.9758,4.422957745971767e-96,
公司性质,单值类别,股份制企业,0.027171,0.057717,-0.030545,463.9758,4.422957745971767e-96,
公司性质,单值类别,国有企业,0.04588,0.040986,0.004893,463.9758,4.422957745971767e-96,
公司性质,单值类别,合伙企业,0.017372,0.016865,0.000507,463.9758,4.422957745971767e-96,
公司性质,单值类别,事业单位,0.012472,0.012901,-0.000428,463.9758,4.422957745971767e-96,
公司性质,单值类别,社会团体,0.0049,0.006719,-0.001819,463.9758,4.422957745971767e-96,
公司性质,单值类别,,0.002227,0.004435,-0.002207,463.9758,4.422957745971767e-96,
公司性质,单值类别,中外合资企业,0.0,0.00215,-0.00215,463.9758,4.422957745971767e-96,
公司性质,单值类别,合作企业,0.000445,0.0,0.000445,463.9758,4.422957745971767e-96,
所属行业,单值类别,互联网/游戏/软件,0.772892,0.518282,0.25461,611.5164,4.815855932906488e-124,
所属行业,单值类别,汽车/机械/制造,0.004533,0.090543,-0.08601,611.5164,4.815855932906488e-124,
所属行业,单值类别,金融/经济/投资/财会,0.053037,0.074377,-0.02134,611.5164,4.815855932906488e-124,
所属行业,单值类别,广告/传媒/公关/展览,0.036718,0.059113,-0.022395,611.5164,4.815855932906488e-124,
所属行业,单值类别,企业服务/咨询,0.020399,0.054187,-0.033788,611.5164,4.815855932906488e-124,
所属行业,单值类别,电子/通信/硬件,0.013146,0.05162,-0.038474,611.5164,4.815855932906488e-124,
所属行业,单值类别,教育/培训,0.044424,0.042254,0.002171,611.5164,4.815855932906488e-124,
所属行业,单值类别,快消/百货/批发/零售,0.028558,0.039617,-0.011059,611.5164,4.815855932906488e-124,
所属行业,单值类别,医疗/健康/制药/生物,0.006346,0.032054,-0.025708,611.5164,4.815855932906488e-124,
所属行业,单值类别,房产/家居/物业/建筑,0.00408,0.016999,-0.012919,611.5164,4.815855932906488e-124,
所属行业,单值类别,不限,0.008613,0.011934,-0.003321,611.5164,4.815855932906488e-124,
所属行业,单值类别,公共事业/NGO/政府,0.007253,0.00902,-0.001767,611.5164,4.815855932906488e-124,
学历要求,单值类别,本科,0.76882,0.702748,0.066071,91.3826,6.695122609678896e-19,
学历要求,单值类别,不限,0.139866,0.135725,0.004141,91.3826,6.695122609678896e-19,
学历要求,单值类别,硕士,0.032962,0.087415,-0.054453,91.3826,6.695122609678896e-19,
学历要求,单值类别,大专,0.057461,0.073439,-0.015978,91.3826,6.695122609678896e-19,
学历要求,单值类别,博士,0.000891,0.000672,0.000219,91.3826,6.695122609678896e-19,
岗位大类集合,多值类别,运营,0.253357,0.304099,-0.050741,58.9215,1.640887030659815e-14,0.0
岗位大类集合,多值类别,产品,0.141629,0.182902,-0.041273,55.8663,7.757060505263163e-14,0.0
岗位大类集合,多值类别,运维/技术支持,0.111549,0.051118,0.060431,309.8457,2.359594589022518e-69,0.0
岗位大类集合,多值类别,人工智能,0.105819,0.098929,0.00689,2.5208,0.1123563842562387,0.14192385
岗位大类集合,多值类别,数据,0.092032,0.087765,0.004267,1.0793,0.2988536275613183,0.31184726
岗位大类集合,多值类别,后端开发,0.082363,0.076085,0.006278,2.6488,0.1036287665071582,0.13817169
岗位大类集合,多值类别,移动开发,0.067681,0.04772,0.019961,39.6021,3.113408542126767e-10,0.0
岗位大类集合,多值类别,测试,0.067323,0.043746,0.023577,59.0772,1.51602028022188e-14,0.0
岗位大类集合,多值类别,前端开发,0.029902,0.029882,2e-05,0.0001,0.993674536539469,0.99367454
岗位大类集合,多值类别,客服,0.022381,0.03777,-0.015388,32.9931,9.24863528970404e-09,4e-08
岗位大类集合,多值类别,游戏,0.014324,0.021084,-0.00676,11.0786,0.000873319816702975,0.00149712
岗位大类集合,多值类别,技术管理,0.011638,0.0189,-0.007262,14.3666,0.0001504454037084716,0.00045134
岗位细分类集合,多值类别,产品运营,0.039704,0.044306,-0.004602,10.2488,0.001367706429104295,0.00218833
岗位细分类集合,多值类别,数据运营,0.036029,0.040974,-0.004945,12.7803,0.0003502799195680929,0.00070056
岗位细分类集合,多值类别,SEO/SEM运营,0.035644,0.037365,-0.001721,1.6748,0.1956173928809531,0.21340079
岗位细分类集合,多值类别,品类运营,0.035259,0.037197,-0.001937,2.1332,0.1441384113435631,0.16472961
岗位细分类集合,多值类别,内容运营,0.034789,0.036847,-0.002057,2.4289,0.1191151956538733,0.14293823
岗位细分类集合,多值类别,运营助理,0.034105,0.040146,-0.00604,19.5218,9.94557537914576e-06,3.41e-05
岗位细分类集合,多值类别,游戏运营,0.033037,0.03789,-0.004853,13.2834,0.0002677676848618964,0.00064264
岗位细分类集合,多值类别,电商运营,0.032738,0.036301,-0.003564,7.4334,0.00640251417585445,0.00960377
岗位细分类集合,多值类别,海外运营,0.032652,0.036174,-0.003521,7.2813,0.00696764366505318,0.00983667
岗位细分类集合,多值类别,活动运营,0.031969,0.036678,-0.00471,12.9081,0.0003271682991718064,0.00070056
岗位细分类集合,多值类别,运营专员,0.031669,0.036584,-0.004915,14.1017,0.0001731862659415206,0.00046183
岗位细分类集合,多值类别,用户运营,0.031669,0.036099,-0.00443,11.5874,0.0006640055793434372,0.00122586
