变量,系数,岗位级 CI95 下界,岗位级 CI95 上界,公司级 CI95 下界,公司级 CI95 上界,岗位级区间宽度,公司级区间宽度,区间宽度比（公司级 / 岗位级）,岗位级是否跨 0,公司级是否跨 0,是否代表性变量
截距,174.583168,170.736853,178.241553,159.713577,186.988422,7.5047,27.274845,3.6344,否,否,False
工作城市=北京,-6.121724,-8.77104,-3.563092,-15.714593,2.103318,5.207948,17.817911,3.4213,否,是,False
工作城市=深圳,-0.189919,-4.513222,4.701365,-7.064783,9.461879,9.214587,16.526662,1.7935,是,是,False
工作城市=广州,-26.388081,-30.11967,-22.47885,-35.094386,-17.158703,7.64082,17.935683,2.3474,否,否,False
工作城市=杭州,-11.377624,-16.786703,-6.622352,-23.134868,-0.779495,10.164351,22.355373,2.1994,否,否,False
工作城市=成都,-34.071617,-37.140136,-30.114253,-41.80211,-26.024317,7.025883,15.777793,2.2457,否,否,False
工作城市=苏州,-17.147106,-21.613569,-10.646476,-25.056088,-7.758162,10.967093,17.297926,1.5773,否,否,False
工作城市=南京,-24.415977,-28.854149,-17.21379,-34.839472,-10.548027,11.640359,24.291445,2.0868,否,否,False
工作城市=武汉,-29.470612,-38.781709,-19.501274,-45.318389,-7.480964,19.280435,37.837425,1.9625,否,否,False
工作城市=合肥,-59.072407,-65.257979,-50.544333,-72.160831,-23.121306,14.713646,49.039525,3.3329,否,否,True
工作城市=重庆,-45.389743,-49.930001,-38.17155,-53.542437,-30.402274,11.758451,23.140163,1.968,否,否,False
工作城市=无锡,-14.663425,-22.783087,5.635639,-39.358971,28.335657,28.418726,67.694628,2.382,是,是,False
工作城市=长沙,-46.673591,-55.456784,-36.853185,-60.95114,-30.713949,18.603599,30.237191,1.6253,否,否,False
工作城市=天津,-33.00321,-43.718472,-24.567164,-46.236719,-20.99668,19.151308,25.240039,1.3179,否,否,False
工作城市=全国,-8.893259,-22.181549,15.272773,-27.718759,21.941543,37.454322,49.660302,1.3259,是,是,False
工作城市=西安,-34.62393,-41.857541,-19.961112,-44.242621,-12.84686,21.896429,31.395761,1.4338,否,否,False
工作城市=郑州,-35.281724,-44.253075,-22.245005,-46.906361,-13.536589,22.00807,33.369772,1.5163,否,否,False
工作城市=佛山,-22.332126,-38.924595,-9.378631,-46.341488,-3.458265,29.545964,42.883223,1.4514,否,否,False
工作城市=济南,-46.287643,-53.855986,-28.651807,-57.698531,-21.215551,25.204179,36.48298,1.4475,否,否,False
工作城市=厦门,-23.628655,-35.032812,-12.044242,-45.446429,-6.316099,22.98857,39.13033,1.7022,否,否,False
工作城市=青岛,-41.755388,-54.488195,-31.538394,-57.029191,-26.945156,22.949801,30.084035,1.3109,否,否,False
工作城市=宁波,-14.787022,-38.112651,3.424423,-47.667654,11.985512,41.537074,59.653166,1.4361,是,是,False
工作城市=沈阳,-23.818974,-42.011577,-7.461979,-46.975878,-0.358123,34.549598,46.617755,1.3493,否,否,False
工作城市=东莞,-33.027813,-49.633333,1.099801,-50.554695,12.990537,50.733134,63.545232,1.2525,是,是,False
工作城市=福州,-46.976662,-58.325307,-29.632856,-60.652923,-27.343698,28.692451,33.309225,1.1609,否,否,False
工作城市=大连,-52.836796,-69.893438,-36.345861,-76.722423,-33.723316,33.547577,42.999107,1.2817,否,否,False
工作城市=南宁,-48.819594,-52.790086,-29.028337,-60.061731,-16.499976,23.761749,43.561755,1.8333,否,否,False
工作城市=珠海,-27.409589,-45.391669,-12.906233,-50.042756,-6.898758,32.485436,43.143998,1.3281,否,否,False
工作城市=常州,-1.977277,-41.421028,41.363692,-54.274369,42.229068,82.78472,96.503437,1.1657,是,是,False
工作城市=南昌,-19.58744,-45.026026,2.475975,-47.494239,5.933913,47.502001,53.428152,1.1248,是,是,False
工作城市=石家庄,-34.918975,-49.211582,-17.845943,-54.797595,-13.802813,31.365639,40.994782,1.307,否,否,False
工作城市=嘉兴,-38.232973,-49.701881,-28.450253,-53.905428,28.309503,21.251628,82.214931,3.8686,否,是,False
工作城市=昆明,-46.834942,-52.553366,-27.069348,-55.073798,-17.247956,25.484018,37.825842,1.4843,否,否,False
工作城市=其他,-42.900589,-47.317502,-38.083269,-48.727316,-19.770355,9.234233,28.956961,3.1358,否,否,False
学历要求=不限,-4.091873,-6.908407,-1.67304,-7.132861,-0.080603,5.235367,7.052258,1.347,否,否,False
学历要求=硕士,15.803256,11.175811,21.314169,8.011314,22.958845,10.138358,14.947531,1.4744,否,否,False
学历要求=大专,-6.257428,-9.41299,-3.205098,-10.987794,-0.610973,6.207892,10.376821,1.6716,否,否,False
学历要求=其他,94.674213,-3.58996,195.012185,-5.791076,201.333921,198.602145,207.124997,1.0429,是,是,True
每周到岗要求=4天／周,1.451832,-0.922968,4.05785,-5.46179,10.8099,4.980818,16.27169,3.2669,是,是,False
每周到岗要求=3天／周,-6.400875,-8.935674,-2.384001,-9.708427,0.11743,6.551673,9.825857,1.4997,否,是,False
每周到岗要求=6天／周,13.82858,2.012901,25.603275,-2.222853,37.42569,23.590374,39.648543,1.6807,否,是,False
每周到岗要求=2天／周,-8.385273,-17.137994,3.277079,-18.228361,4.140062,20.415073,22.368423,1.0957,是,是,False
每周到岗要求=1天／周,-24.348562,-40.39507,-0.677972,-40.633379,9.892046,39.717098,50.525425,1.2721,否,是,False
每周到岗要求=7天／周,87.60859,12.699529,154.283702,-12.634479,754.625878,141.584173,767.260357,5.4191,否,是,True
实习时长要求=实习6个月,4.042917,2.221838,6.747118,-0.619214,8.333584,4.52528,8.952798,1.9784,否,是,False
实习时长要求=实习4个月,2.992191,0.360991,6.207051,-1.785059,8.654901,5.84606,10.43996,1.7858,否,是,False
实习时长要求=实习5个月,4.580517,0.846415,9.685401,-2.13868,10.954651,8.838986,13.093331,1.4813,否,是,False
实习时长要求=实习2个月,4.231598,-1.958303,12.247469,-4.933794,13.351091,14.205772,18.284885,1.2871,是,是,False
实习时长要求=实习12个月,8.318805,-1.53381,17.362818,-5.002028,19.00217,18.896628,24.004198,1.2703,是,是,False
实习时长要求=实习1个月,2.955346,-7.999349,10.765739,-11.426233,15.928361,18.765088,27.354594,1.4577,是,是,False
实习时长要求=实习10个月,12.206874,-16.543859,40.806908,-20.572615,47.714162,57.350767,68.286777,1.1907,是,是,False
实习时长要求=实习7个月,-13.410444,-39.302196,2.537781,-37.745652,10.930121,41.839977,48.675773,1.1634,是,是,False
实习时长要求=实习8个月,-3.71129,-17.204625,11.17599,-20.435972,14.96196,28.380615,35.397932,1.2473,是,是,False
实习时长要求=实习9个月,12.199976,-10.230117,22.604573,-17.419522,25.617643,32.83469,43.037165,1.3107,是,是,False
实习时长要求=其他,-18.137213,-71.384236,20.738967,-74.984193,28.086161,92.123203,103.070354,1.1188,是,是,True
公司规模=15-50人,4.070379,0.651891,7.86083,-4.192102,12.87515,7.208939,17.067252,2.3675,否,是,False
公司规模=500-2000人,6.621918,3.444301,9.832328,-2.071095,15.14188,6.388027,17.212975,2.6946,否,是,False
公司规模=150-500人,2.996178,-0.52921,6.276939,-6.047284,11.123089,6.806149,17.170373,2.5228,是,是,False
公司规模=50-150人,5.378798,1.739449,9.439755,-4.331142,14.255149,7.700306,18.586291,2.4137,否,是,False
公司规模=少于15人,2.701145,-4.606008,7.731606,-10.877556,16.5789,12.337614,27.456456,2.2254,是,是,False
公司规模=15人以下,0.408752,-5.252366,7.077491,-11.895109,14.04438,12.329857,25.939489,2.1038,是,是,False
公司规模=其他,-15.571259,-33.760529,-0.939877,-43.773516,13.135514,32.820652,56.90903,1.7339,否,是,True
公司性质=外资企业,-12.415905,-15.61481,-9.84124,-24.062939,-1.799571,5.77357,22.263368,3.8561,否,否,False
公司性质=股份制企业,-13.970509,-19.485972,-10.599781,-26.357242,-1.586703,8.886191,24.770539,2.7875,否,否,False
公司性质=国有企业,-40.537935,-45.195892,-36.004799,-51.075166,-27.266912,9.191093,23.808254,2.5904,否,否,True
公司性质=合伙企业,-11.012665,-18.333813,-2.762192,-23.56103,4.695651,15.571621,28.256681,1.8146,否,是,False
公司性质=事业单位,-17.531594,-27.168033,-9.413245,-36.649345,3.554912,17.754788,40.204257,2.2644,否,是,False
公司性质=社会团体,-25.206072,-40.324945,-13.810713,-53.60302,-5.402793,26.514232,48.200227,1.8179,否,否,False
公司性质=,-27.824321,-40.387373,-11.78647,-44.499995,-6.650426,28.600903,37.849569,1.3234,否,否,False
公司性质=中外合资企业,-22.706142,-33.017092,-15.412643,-52.225515,-0.239926,17.604449,51.985589,2.953,否,否,False
所属行业=汽车/机械/制造,-4.370173,-8.043133,-0.924748,-18.402465,13.337427,7.118385,31.739892,4.4589,否,是,False
所属行业=金融/经济/投资/财会,-18.406954,-23.316321,-12.450057,-29.856811,-4.114095,10.866264,25.742716,2.369,否,否,False
所属行业=广告/传媒/公关/展览,-28.154427,-32.021373,-23.823376,-36.07737,-19.299493,8.197997,16.777877,2.0466,否,否,True
所属行业=企业服务/咨询,-16.581572,-21.055569,-11.525552,-24.609321,-5.668692,9.530017,18.940629,1.9875,否,否,False
所属行业=电子/通信/硬件,9.262858,3.719165,15.773987,-4.280272,30.563618,12.054822,34.84389,2.8905,否,是,False
所属行业=教育/培训,-3.922724,-8.208859,0.325862,-14.60358,6.50257,8.534721,21.10615,2.473,是,是,False
所属行业=快消/百货/批发/零售,-9.266817,-12.808833,-4.729339,-18.248623,1.40295,8.079494,19.651573,2.4323,否,是,False
所属行业=医疗/健康/制药/生物,-8.479683,-13.215071,-3.644022,-18.236203,1.614046,9.571049,19.850249,2.074,否,是,False
所属行业=房产/家居/物业/建筑,-19.768645,-24.616402,-12.991393,-28.716546,-7.045632,11.625009,21.670914,1.8642,否,否,False
所属行业=不限,-3.436733,-13.857194,11.322037,-19.253061,17.654425,25.179231,36.907486,1.4658,是,是,False
所属行业=化工/能源/环保,-6.956294,-15.26592,-0.342512,-20.764543,7.236199,14.923408,28.000742,1.8763,否,是,False
所属行业=公共事业/NGO/政府,-13.149252,-23.899558,-0.18206,-34.189058,13.385238,23.717498,47.574296,2.0059,否,是,False
所属行业=交通/贸易/物流,1.446035,-8.338647,9.657815,-12.021342,12.570578,17.996462,24.59192,1.3665,是,是,False
所属行业=餐饮/酒店/旅游/娱乐,-5.647904,-16.022079,0.451393,-22.18386,3.113972,16.473472,25.297832,1.5357,是,是,False
所属行业=农林牧渔/其他,-18.574944,-33.581199,-6.870037,-40.083241,-2.485689,26.711162,37.597552,1.4076,否,否,False
所属行业=互联网/移动互联网/电子商务,-25.367208,-37.762944,-5.579777,-48.766211,16.160587,32.183167,64.926798,2.0174,否,是,False
所属行业=其他,-13.775501,-35.936203,-2.643491,-54.590203,0.860427,33.292712,55.45063,1.6655,否,是,False
公司认证类别=最佳雇主,28.232259,24.765411,31.234274,10.424892,45.944354,6.468863,35.519462,5.4908,否,否,False
公司认证类别=两者均有,185.827615,181.816971,189.073607,2.994383,196.795309,7.256636,193.800926,26.7067,否,否,True
公司认证类别=行业认证,4.203732,-1.006265,8.545266,-3.597863,13.438631,9.551531,17.036494,1.7836,是,是,False
岗位大类集合=运营,-0.571979,-3.9003,2.074167,-5.89685,3.552107,5.974467,9.448957,1.5816,是,是,False
岗位大类集合=产品,-9.440376,-14.598705,-5.923343,-17.128108,-4.171793,8.675362,12.956315,1.4935,否,否,False
岗位大类集合=人工智能,19.94153,15.777014,24.893543,7.964832,28.357127,9.116529,20.392295,2.2368,否,否,True
岗位大类集合=数据,-1.059269,-8.202844,5.034363,-10.033344,8.801379,13.237207,18.834723,1.4229,是,是,False
岗位大类集合=后端开发,5.936134,-2.686291,14.43368,-5.071612,15.639668,17.119971,20.71128,1.2098,是,是,False
岗位大类集合=运维/技术支持,1.390553,-3.649626,7.418738,-4.669805,10.862873,11.068364,15.532678,1.4033,是,是,False
岗位大类集合=移动开发,-12.890869,-21.912023,0.222737,-27.228972,19.838616,22.13476,47.067588,2.1264,是,是,False
岗位大类集合=测试,-6.40143,-14.164235,3.368442,-17.256916,8.710434,17.532677,25.96735,1.4811,是,是,False
岗位大类集合=客服,3.201916,-0.5525,5.537249,-3.372885,11.269324,6.089749,14.642209,2.4044,是,是,False
岗位大类集合=前端开发,15.490167,3.737002,23.249184,2.037441,25.832642,19.512182,23.795201,1.2195,否,否,True
岗位大类集合=游戏,4.382322,-0.660586,9.735975,-3.560497,11.854679,10.396561,15.415176,1.4827,是,是,False
岗位大类集合=技术管理,4.656282,-0.368095,11.128695,-3.854425,12.771926,11.49679,16.626351,1.4462,是,是,False
岗位细分类集合=产品运营,4.425225,1.315524,7.236249,-0.380282,9.220042,5.920725,9.600324,1.6215,否,是,False
岗位细分类集合=数据运营,3.533044,0.137984,7.40924,-1.09542,7.301961,7.271256,8.397381,1.1549,否,是,False
岗位细分类集合=运营助理,-3.405944,-6.109481,-1.024079,-6.101717,0.269284,5.085402,6.371001,1.2528,否,是,False
岗位细分类集合=游戏运营,7.449788,2.475972,11.620722,0.041381,12.408556,9.14475,12.367175,1.3524,否,否,False
岗位细分类集合=SEO/SEM运营,0.286577,-5.341622,5.474159,-5.942625,4.069049,10.815781,10.011674,0.9257,是,是,False
岗位细分类集合=品类运营,-4.905281,-9.73423,0.925892,-9.221167,0.935697,10.660122,10.156864,0.9528,是,是,False
岗位细分类集合=内容运营,-3.725476,-8.730253,0.220727,-8.817952,1.146683,8.95098,9.964635,1.1132,是,是,False
岗位细分类集合=活动运营,-0.308285,-3.978634,3.979986,-4.530813,5.232068,7.95862,9.762881,1.2267,是,是,False
岗位细分类集合=运营专员,0.67636,-2.06435,3.624026,-3.194983,3.367591,5.688376,6.562574,1.1537,是,是,False
岗位细分类集合=电商运营,-6.121724,-11.245938,0.232078,-11.003602,1.197701,11.478016,12.201303,1.063,是,是,False
岗位细分类集合=海外运营,3.225864,-1.775609,8.485765,-2.09772,6.953284,10.261374,9.051004,0.882,是,是,False
岗位细分类集合=用户运营,-2.471758,-7.146343,2.411068,-6.921758,2.60286,9.557411,9.524618,0.9966,是,是,False
岗位细分类集合=网站运营,2.69725,-2.067011,6.606314,-2.63948,6.486222,8.673325,9.125702,1.0522,是,是,False
岗位细分类集合=社群运营,-2.634858,-5.671063,1.259271,-5.858283,2.694536,6.930334,8.552819,1.2341,是,是,False
岗位细分类集合=运营,-0.976378,-4.810441,2.527216,-4.35664,3.329288,7.337657,7.685928,1.0475,是,是,False
岗位细分类集合=产品助理,2.998841,-1.346351,8.059238,-3.431893,9.861592,9.405589,13.293485,1.4134,是,是,False
岗位细分类集合=产品项目管理,2.171326,-1.088864,6.49822,-2.17005,7.331254,7.587084,9.501304,1.2523,是,是,False
岗位细分类集合=产品经理,4.368005,-0.001131,9.790997,-0.743903,11.786921,9.792128,12.530824,1.2797,是,是,False
岗位细分类集合=产品,-2.300566,-7.952683,2.326981,-9.740275,3.030347,10.279664,12.770622,1.2423,是,是,False
岗位细分类集合=新媒体运营,-8.372628,-11.030092,-5.720733,-12.97774,-2.37798,5.309359,10.59976,1.9964,否,否,False
岗位细分类集合=后端开发,13.490588,3.094216,23.948249,-1.625286,29.99167,20.854033,31.616956,1.5161,否,是,True
岗位细分类集合=大数据开发工程师,3.262446,-3.871352,10.315899,-5.130422,11.354841,14.187251,16.485263,1.162,是,是,False
岗位细分类集合=产品设计,7.431362,4.875919,11.853992,1.049046,14.893176,6.978073,13.84413,1.9839,否,否,False
岗位细分类集合=算法工程师,1.638345,-7.471072,11.049918,-9.555979,13.129283,18.52099,22.685262,1.2248,是,是,False
岗位细分类集合=数据,0.598537,-6.618395,7.480741,-8.694397,9.198726,14.099136,17.893123,1.2691,是,是,False
岗位细分类集合=小程序开发工程师,12.590303,-0.956058,25.045965,-18.158666,31.608541,26.002023,49.767207,1.914,是,是,False
岗位细分类集合=人工智能,23.016282,12.756063,33.495589,8.536215,38.709946,20.739526,30.173731,1.4549,否,否,True
岗位细分类集合=数据标注/AI训练师,-13.336724,-19.906276,-6.287862,-24.029621,-2.720286,13.618414,21.309335,1.5647,否,否,False
岗位细分类集合=可靠性测试工程师,2.946696,-8.639366,11.075092,-14.806259,12.832723,19.714458,27.638982,1.402,是,是,False
岗位细分类集合=文案编辑,-7.82979,-11.671267,-5.39222,-13.703628,-2.857138,6.279047,10.84649,1.7274,否,否,False
